pathIndex,index,value
0,0,0
0,1,1
0,2,2
0,3,1
0,4,0
0,5,1
0,6,2
0,7,1
0,8,0
0,9,1
0,10,2
0,11,3
0,12,4
0,13,5
0,14,4
0,15,5
0,16,4
0,17,3
0,18,2
0,19,1
0,20,0
1,0,0
1,1,1
1,2,2
1,3,1
1,4,0
1,5,1
1,6,2
1,7,1
1,8,0
1,9,1
1,10,2
1,11,3
1,12,4
1,13,5
1,14,4
1,15,5
1,16,4
1,17,3
1,18,2
1,19,1
1,20,0
2,0,0
2,1,1
2,2,0
2,3,1
2,4,0
2,5,1
2,6,2
2,7,3
2,8,4
2,9,5
2,10,4
2,11,5
2,12,6
2,13,7
2,14,6
2,15,5
2,16,4
2,17,3
2,18,2
2,19,1
2,20,0
3,0,0
3,1,1
3,2,0
3,3,1
3,4,0
3,5,1
3,6,2
3,7,3
3,8,4
3,9,5
3,10,4
3,11,5
3,12,6
3,13,7
3,14,6
3,15,5
3,16,4
3,17,3
3,18,2
3,19,1
3,20,0
4,0,0
4,1,1
4,2,0
4,3,1
4,4,0
4,5,1
4,6,2
4,7,3
4,8,4
4,9,5
4,10,4
4,11,5
4,12,6
4,13,7
4,14,6
4,15,5
4,16,4
4,17,3
4,18,2
4,19,1
4,20,0
5,0,0
5,1,1
5,2,2
5,3,1
5,4,0
5,5,1
5,6,2
5,7,3
5,8,2
5,9,1
5,10,2
5,11,3
5,12,4
5,13,3
5,14,2
5,15,3
5,16,4
5,17,3
5,18,2
5,19,1
5,20,0
6,0,0
6,1,1
6,2,2
6,3,1
6,4,0
6,5,1
6,6,2
6,7,3
6,8,2
6,9,1
6,10,2
6,11,3
6,12,4
6,13,3
6,14,2
6,15,3
6,16,4
6,17,3
6,18,2
6,19,1
6,20,0
7,0,0
7,1,1
7,2,2
7,3,1
7,4,0
7,5,1
7,6,2
7,7,3
7,8,2
7,9,1
7,10,2
7,11,3
7,12,4
7,13,3
7,14,2
7,15,3
7,16,4
7,17,3
7,18,2
7,19,1
7,20,0
8,0,0
8,1,1
8,2,2
8,3,1
8,4,0
8,5,1
8,6,2
8,7,3
8,8,2
8,9,1
8,10,2
8,11,3
8,12,4
8,13,3
8,14,2
8,15,3
8,16,4
8,17,3
8,18,2
8,19,1
8,20,0
9,0,0
9,1,1
9,2,2
9,3,1
9,4,0
9,5,1
9,6,2
9,7,3
9,8,2
9,9,1
9,10,2
9,11,3
9,12,4
9,13,3
9,14,2
9,15,3
9,16,4
9,17,3
9,18,2
9,19,1
9,20,0
10,0,0
10,1,1
10,2,2
10,3,1
10,4,2
10,5,1
10,6,0
10,7,1
10,8,0
10,9,1
10,10,2
10,11,3
10,12,2
10,13,3
10,14,2
10,15,3
10,16,2
10,17,1
10,18,2
10,19,1
10,20,0
11,0,0
11,1,1
11,2,2
11,3,1
11,4,2
11,5,1
11,6,2
11,7,3
11,8,2
11,9,3
11,10,4
11,11,5
11,12,4
11,13,5
11,14,4
11,15,3
11,16,2
11,17,1
11,18,2
11,19,1
11,20,0
12,0,0
12,1,1
12,2,2
12,3,3
12,4,4
12,5,5
12,6,4
12,7,3
12,8,2
12,9,3
12,10,4
12,11,3
12,12,2
12,13,1
12,14,2
12,15,3
12,16,4
12,17,3
12,18,2
12,19,1
12,20,0
13,0,0
13,1,1
13,2,2
13,3,3
13,4,4
13,5,5
13,6,4
13,7,3
13,8,2
13,9,3
13,10,4
13,11,3
13,12,2
13,13,1
13,14,2
13,15,1
13,16,2
13,17,1
13,18,0
13,19,1
13,20,0
14,0,0
14,1,1
14,2,2
14,3,3
14,4,4
14,5,5
14,6,4
14,7,3
14,8,2
14,9,3
14,10,4
14,11,3
14,12,2
14,13,1
14,14,2
14,15,1
14,16,2
14,17,1
14,18,0
14,19,1
14,20,0
15,0,0
15,1,1
15,2,2
15,3,3
15,4,4
15,5,5
15,6,4
15,7,3
15,8,2
15,9,3
15,10,4
15,11,3
15,12,4
15,13,3
15,14,2
15,15,1
15,16,2
15,17,1
15,18,2
15,19,1
15,20,0
16,0,0
16,1,1
16,2,2
16,3,3
16,4,4
16,5,5
16,6,4
16,7,3
16,8,2
16,9,3
16,10,4
16,11,3
16,12,4
16,13,3
16,14,2
16,15,1
16,16,2
16,17,3
16,18,2
16,19,1
16,20,0
17,0,0
17,1,1
17,2,2
17,3,3
17,4,4
17,5,5
17,6,4
17,7,3
17,8,2
17,9,3
17,10,4
17,11,3
17,12,4
17,13,3
17,14,2
17,15,1
17,16,2
17,17,3
17,18,2
17,19,1
17,20,0
18,0,0
18,1,1
18,2,2
18,3,3
18,4,4
18,5,5
18,6,4
18,7,3
18,8,2
18,9,3
18,10,4
18,11,3
18,12,4
18,13,3
18,14,2
18,15,1
18,16,2
18,17,3
18,18,2
18,19,1
18,20,0
19,0,0
19,1,1
19,2,2
19,3,3
19,4,4
19,5,3
19,6,2
19,7,1
19,8,0
19,9,1
19,10,2
19,11,1
19,12,2
19,13,1
19,14,0
19,15,1
19,16,0
19,17,1
19,18,2
19,19,1
19,20,0
20,0,0
20,1,1
20,2,2
20,3,3
20,4,4
20,5,3
20,6,2
20,7,1
20,8,2
20,9,1
20,10,0
20,11,1
20,12,2
20,13,1
20,14,0
20,15,1
20,16,0
20,17,1
20,18,2
20,19,1
20,20,0
21,0,0
21,1,1
21,2,2
21,3,3
21,4,4
21,5,3
21,6,2
21,7,3
21,8,4
21,9,5
21,10,4
21,11,3
21,12,4
21,13,3
21,14,2
21,15,3
21,16,2
21,17,1
21,18,0
21,19,1
21,20,0
22,0,0
22,1,1
22,2,0
22,3,1
22,4,2
22,5,3
22,6,2
22,7,3
22,8,4
22,9,5
22,10,4
22,11,3
22,12,4
22,13,3
22,14,2
22,15,3
22,16,2
22,17,1
22,18,0
22,19,1
22,20,0
23,0,0
23,1,1
23,2,0
23,3,1
23,4,2
23,5,3
23,6,2
23,7,3
23,8,2
23,9,3
23,10,4
23,11,3
23,12,4
23,13,3
23,14,2
23,15,3
23,16,2
23,17,1
23,18,0
23,19,1
23,20,0
24,0,0
24,1,1
24,2,0
24,3,1
24,4,2
24,5,3
24,6,2
24,7,3
24,8,2
24,9,1
24,10,2
24,11,1
24,12,2
24,13,3
24,14,2
24,15,3
24,16,2
24,17,1
24,18,0
24,19,1
24,20,0
25,0,0
25,1,1
25,2,0
25,3,1
25,4,2
25,5,3
25,6,2
25,7,3
25,8,2
25,9,3
25,10,4
25,11,3
25,12,4
25,13,3
25,14,2
25,15,3
25,16,2
25,17,1
25,18,0
25,19,1
25,20,0
26,0,0
26,1,1
26,2,0
26,3,1
26,4,2
26,5,3
26,6,2
26,7,3
26,8,2
26,9,3
26,10,4
26,11,3
26,12,4
26,13,3
26,14,2
26,15,3
26,16,2
26,17,1
26,18,0
26,19,1
26,20,0
27,0,0
27,1,1
27,2,0
27,3,1
27,4,2
27,5,3
27,6,2
27,7,3
27,8,2
27,9,3
27,10,4
27,11,3
27,12,4
27,13,3
27,14,2
27,15,3
27,16,2
27,17,1
27,18,0
27,19,1
27,20,0
28,0,0
28,1,1
28,2,0
28,3,1
28,4,2
28,5,3
28,6,2
28,7,3
28,8,2
28,9,3
28,10,4
28,11,3
28,12,4
28,13,3
28,14,2
28,15,3
28,16,2
28,17,1
28,18,0
28,19,1
28,20,0
29,0,0
29,1,1
29,2,0
29,3,1
29,4,2
29,5,3
29,6,2
29,7,1
29,8,2
29,9,3
29,10,2
29,11,1
29,12,2
29,13,1
29,14,2
29,15,1
29,16,2
29,17,1
29,18,2
29,19,1
29,20,0
30,0,0
30,1,1
30,2,0
30,3,1
30,4,2
30,5,3
30,6,2
30,7,1
30,8,0
30,9,1
30,10,2
30,11,1
30,12,2
30,13,1
30,14,2
30,15,1
30,16,0
30,17,1
30,18,2
30,19,1
30,20,0
31,0,0
31,1,1
31,2,2
31,3,3
31,4,2
31,5,3
31,6,4
31,7,3
31,8,2
31,9,1
31,10,2
31,11,1
31,12,2
31,13,1
31,14,2
31,15,1
31,16,0
31,17,1
31,18,2
31,19,1
31,20,0
32,0,0
32,1,1
32,2,2
32,3,3
32,4,2
32,5,3
32,6,4
32,7,3
32,8,2
32,9,1
32,10,2
32,11,1
32,12,2
32,13,1
32,14,2
32,15,1
32,16,0
32,17,1
32,18,2
32,19,1
32,20,0
33,0,0
33,1,1
33,2,2
33,3,3
33,4,2
33,5,3
33,6,4
33,7,5
33,8,4
33,9,3
33,10,2
33,11,1
33,12,2
33,13,1
33,14,2
33,15,1
33,16,0
33,17,1
33,18,2
33,19,1
33,20,0
34,0,0
34,1,1
34,2,2
34,3,3
34,4,2
34,5,3
34,6,4
34,7,5
34,8,4
34,9,3
34,10,2
34,11,1
34,12,2
34,13,1
34,14,2
34,15,1
34,16,0
34,17,1
34,18,2
34,19,1
34,20,0
35,0,0
35,1,1
35,2,2
35,3,3
35,4,2
35,5,3
35,6,4
35,7,5
35,8,4
35,9,3
35,10,2
35,11,3
35,12,4
35,13,3
35,14,4
35,15,3
35,16,2
35,17,3
35,18,2
35,19,1
35,20,0
36,0,0
36,1,1
36,2,2
36,3,3
36,4,2
36,5,3
36,6,4
36,7,3
36,8,2
36,9,1
36,10,0
36,11,1
36,12,2
36,13,1
36,14,2
36,15,1
36,16,2
36,17,3
36,18,2
36,19,1
36,20,0
37,0,0
37,1,1
37,2,2
37,3,1
37,4,0
37,5,1
37,6,2
37,7,1
37,8,0
37,9,1
37,10,2
37,11,3
37,12,4
37,13,3
37,14,4
37,15,3
37,16,2
37,17,3
37,18,2
37,19,1
37,20,0
38,0,0
38,1,1
38,2,2
38,3,1
38,4,0
38,5,1
38,6,2
38,7,1
38,8,0
38,9,1
38,10,2
38,11,3
38,12,4
38,13,3
38,14,4
38,15,3
38,16,2
38,17,3
38,18,2
38,19,1
38,20,0
39,0,0
39,1,1
39,2,2
39,3,1
39,4,0
39,5,1
39,6,2
39,7,1
39,8,0
39,9,1
39,10,2
39,11,3
39,12,4
39,13,3
39,14,2
39,15,1
39,16,0
39,17,1
39,18,0
39,19,1
39,20,0
40,0,0
40,1,1
40,2,2
40,3,1
40,4,2
40,5,1
40,6,2
40,7,1
40,8,2
40,9,1
40,10,0
40,11,1
40,12,0
40,13,1
40,14,2
40,15,1
40,16,0
40,17,1
40,18,0
40,19,1
40,20,0
41,0,0
41,1,1
41,2,2
41,3,3
41,4,2
41,5,1
41,6,2
41,7,1
41,8,2
41,9,1
41,10,0
41,11,1
41,12,2
41,13,3
41,14,4
41,15,5
41,16,4
41,17,3
41,18,2
41,19,1
41,20,0
42,0,0
42,1,1
42,2,2
42,3,1
42,4,0
42,5,1
42,6,2
42,7,1
42,8,2
42,9,3
42,10,2
42,11,1
42,12,2
42,13,3
42,14,4
42,15,3
42,16,2
42,17,1
42,18,0
42,19,1
42,20,0
43,0,0
43,1,1
43,2,2
43,3,1
43,4,0
43,5,1
43,6,0
43,7,1
43,8,2
43,9,1
43,10,0
43,11,1
43,12,2
43,13,3
43,14,2
43,15,1
43,16,2
43,17,1
43,18,2
43,19,1
43,20,0
44,0,0
44,1,1
44,2,2
44,3,1
44,4,0
44,5,1
44,6,0
44,7,1
44,8,2
44,9,1
44,10,0
44,11,1
44,12,2
44,13,3
44,14,2
44,15,1
44,16,2
44,17,1
44,18,2
44,19,1
44,20,0
45,0,0
45,1,1
45,2,2
45,3,1
45,4,0
45,5,1
45,6,0
45,7,1
45,8,2
45,9,1
45,10,0
45,11,1
45,12,2
45,13,3
45,14,2
45,15,1
45,16,2
45,17,1
45,18,2
45,19,1
45,20,0
46,0,0
46,1,1
46,2,2
46,3,1
46,4,0
46,5,1
46,6,0
46,7,1
46,8,2
46,9,1
46,10,0
46,11,1
46,12,2
46,13,3
46,14,2
46,15,1
46,16,2
46,17,1
46,18,2
46,19,1
46,20,0
47,0,0
47,1,1
47,2,2
47,3,1
47,4,0
47,5,1
47,6,0
47,7,1
47,8,2
47,9,1
47,10,0
47,11,1
47,12,2
47,13,3
47,14,2
47,15,1
47,16,2
47,17,1
47,18,2
47,19,1
47,20,0
48,0,0
48,1,1
48,2,2
48,3,1
48,4,0
48,5,1
48,6,0
48,7,1
48,8,2
48,9,1
48,10,0
48,11,1
48,12,2
48,13,3
48,14,2
48,15,1
48,16,2
48,17,1
48,18,2
48,19,1
48,20,0
49,0,0
49,1,1
49,2,2
49,3,1
49,4,0
49,5,1
49,6,2
49,7,3
49,8,4
49,9,3
49,10,2
49,11,1
49,12,2
49,13,3
49,14,2
49,15,1
49,16,2
49,17,1
49,18,2
49,19,1
49,20,0
50,0,0
50,1,1
50,2,2
50,3,1
50,4,0
50,5,1
50,6,2
50,7,3
50,8,4
50,9,3
50,10,2
50,11,1
50,12,2
50,13,3
50,14,2
50,15,1
50,16,2
50,17,1
50,18,2
50,19,1
50,20,0
51,0,0
51,1,1
51,2,2
51,3,1
51,4,0
51,5,1
51,6,2
51,7,3
51,8,4
51,9,3
51,10,2
51,11,1
51,12,2
51,13,3
51,14,2
51,15,1
51,16,2
51,17,1
51,18,2
51,19,1
51,20,0
52,0,0
52,1,1
52,2,2
52,3,3
52,4,2
52,5,3
52,6,4
52,7,5
52,8,6
52,9,5
52,10,4
52,11,3
52,12,4
52,13,5
52,14,4
52,15,3
52,16,4
52,17,3
52,18,2
52,19,1
52,20,0
53,0,0
53,1,1
53,2,2
53,3,3
53,4,2
53,5,3
53,6,4
53,7,5
53,8,6
53,9,5
53,10,4
53,11,3
53,12,4
53,13,5
53,14,4
53,15,3
53,16,4
53,17,3
53,18,2
53,19,1
53,20,0
54,0,0
54,1,1
54,2,2
54,3,3
54,4,2
54,5,3
54,6,4
54,7,5
54,8,6
54,9,5
54,10,4
54,11,3
54,12,4
54,13,5
54,14,4
54,15,3
54,16,4
54,17,3
54,18,2
54,19,1
54,20,0
55,0,0
55,1,1
55,2,2
55,3,1
55,4,0
55,5,1
55,6,2
55,7,3
55,8,4
55,9,3
55,10,2
55,11,1
55,12,2
55,13,3
55,14,2
55,15,1
55,16,2
55,17,1
55,18,0
55,19,1
55,20,0
56,0,0
56,1,1
56,2,2
56,3,3
56,4,2
56,5,3
56,6,4
56,7,5
56,8,6
56,9,5
56,10,4
56,11,3
56,12,4
56,13,3
56,14,2
56,15,1
56,16,2
56,17,1
56,18,0
56,19,1
56,20,0
57,0,0
57,1,1
57,2,2
57,3,3
57,4,2
57,5,3
57,6,4
57,7,5
57,8,6
57,9,5
57,10,4
57,11,3
57,12,4
57,13,3
57,14,2
57,15,1
57,16,2
57,17,1
57,18,0
57,19,1
57,20,0
58,0,0
58,1,1
58,2,0
58,3,1
58,4,0
58,5,1
58,6,2
58,7,3
58,8,2
58,9,3
58,10,2
58,11,3
58,12,2
58,13,1
58,14,2
58,15,1
58,16,2
58,17,1
58,18,0
58,19,1
58,20,0
59,0,0
59,1,1
59,2,0
59,3,1
59,4,0
59,5,1
59,6,2
59,7,3
59,8,2
59,9,3
59,10,2
59,11,3
59,12,2
59,13,1
59,14,2
59,15,1
59,16,2
59,17,1
59,18,0
59,19,1
59,20,0
60,0,0
60,1,1
60,2,0
60,3,1
60,4,0
60,5,1
60,6,2
60,7,3
60,8,2
60,9,3
60,10,2
60,11,3
60,12,2
60,13,3
60,14,2
60,15,1
60,16,2
60,17,1
60,18,0
60,19,1
60,20,0
61,0,0
61,1,1
61,2,2
61,3,1
61,4,2
61,5,1
61,6,2
61,7,3
61,8,4
61,9,3
61,10,4
61,11,3
61,12,2
61,13,3
61,14,2
61,15,1
61,16,2
61,17,3
61,18,2
61,19,1
61,20,0
62,0,0
62,1,1
62,2,2
62,3,1
62,4,2
62,5,1
62,6,2
62,7,3
62,8,4
62,9,3
62,10,4
62,11,3
62,12,2
62,13,3
62,14,2
62,15,1
62,16,2
62,17,3
62,18,2
62,19,1
62,20,0
63,0,0
63,1,1
63,2,2
63,3,1
63,4,2
63,5,1
63,6,2
63,7,3
63,8,4
63,9,3
63,10,4
63,11,3
63,12,2
63,13,3
63,14,2
63,15,1
63,16,2
63,17,3
63,18,2
63,19,1
63,20,0
64,0,0
64,1,1
64,2,2
64,3,1
64,4,2
64,5,1
64,6,2
64,7,3
64,8,4
64,9,3
64,10,4
64,11,3
64,12,2
64,13,3
64,14,2
64,15,1
64,16,2
64,17,3
64,18,2
64,19,1
64,20,0
65,0,0
65,1,1
65,2,2
65,3,1
65,4,2
65,5,1
65,6,2
65,7,3
65,8,4
65,9,3
65,10,4
65,11,3
65,12,2
65,13,3
65,14,2
65,15,1
65,16,2
65,17,3
65,18,2
65,19,1
65,20,0
66,0,0
66,1,1
66,2,2
66,3,1
66,4,2
66,5,1
66,6,2
66,7,3
66,8,4
66,9,3
66,10,4
66,11,3
66,12,2
66,13,3
66,14,2
66,15,1
66,16,2
66,17,3
66,18,2
66,19,1
66,20,0
67,0,0
67,1,1
67,2,2
67,3,1
67,4,2
67,5,1
67,6,2
67,7,3
67,8,4
67,9,3
67,10,4
67,11,3
67,12,2
67,13,3
67,14,2
67,15,1
67,16,2
67,17,3
67,18,2
67,19,1
67,20,0
68,0,0
68,1,1
68,2,2
68,3,1
68,4,2
68,5,1
68,6,2
68,7,3
68,8,4
68,9,3
68,10,4
68,11,3
68,12,2
68,13,3
68,14,2
68,15,1
68,16,2
68,17,3
68,18,2
68,19,1
68,20,0
69,0,0
69,1,1
69,2,2
69,3,1
69,4,2
69,5,1
69,6,0
69,7,1
69,8,2
69,9,1
69,10,2
69,11,1
69,12,0
69,13,1
69,14,2
69,15,3
69,16,2
69,17,1
69,18,0
69,19,1
69,20,0
70,0,0
70,1,1
70,2,2
70,3,1
70,4,2
70,5,1
70,6,0
70,7,1
70,8,2
70,9,3
70,10,4
70,11,3
70,12,2
70,13,3
70,14,4
70,15,5
70,16,4
70,17,3
70,18,2
70,19,1
70,20,0
71,0,0
71,1,1
71,2,2
71,3,1
71,4,2
71,5,1
71,6,0
71,7,1
71,8,2
71,9,3
71,10,4
71,11,3
71,12,2
71,13,3
71,14,4
71,15,5
71,16,4
71,17,3
71,18,2
71,19,1
71,20,0
72,0,0
72,1,1
72,2,2
72,3,1
72,4,2
72,5,1
72,6,0
72,7,1
72,8,0
72,9,1
72,10,2
72,11,1
72,12,2
72,13,3
72,14,4
72,15,5
72,16,4
72,17,3
72,18,2
72,19,1
72,20,0
73,0,0
73,1,1
73,2,2
73,3,1
73,4,2
73,5,1
73,6,0
73,7,1
73,8,0
73,9,1
73,10,2
73,11,1
73,12,2
73,13,3
73,14,4
73,15,5
73,16,4
73,17,3
73,18,2
73,19,1
73,20,0
74,0,0
74,1,1
74,2,2
74,3,1
74,4,2
74,5,3
74,6,2
74,7,3
74,8,2
74,9,3
74,10,2
74,11,1
74,12,2
74,13,1
74,14,2
74,15,1
74,16,0
74,17,1
74,18,0
74,19,1
74,20,0
75,0,0
75,1,1
75,2,0
75,3,1
75,4,2
75,5,3
75,6,4
75,7,5
75,8,4
75,9,5
75,10,4
75,11,3
75,12,2
75,13,3
75,14,4
75,15,3
75,16,4
75,17,3
75,18,2
75,19,1
75,20,0
76,0,0
76,1,1
76,2,0
76,3,1
76,4,2
76,5,3
76,6,2
76,7,3
76,8,4
76,9,5
76,10,6
76,11,7
76,12,6
76,13,5
76,14,4
76,15,5
76,16,4
76,17,3
76,18,2
76,19,1
76,20,0
77,0,0
77,1,1
77,2,0
77,3,1
77,4,2
77,5,3
77,6,2
77,7,3
77,8,4
77,9,5
77,10,6
77,11,7
77,12,6
77,13,5
77,14,4
77,15,5
77,16,4
77,17,3
77,18,2
77,19,1
77,20,0
78,0,0
78,1,1
78,2,0
78,3,1
78,4,2
78,5,3
78,6,2
78,7,3
78,8,4
78,9,5
78,10,6
78,11,5
78,12,4
78,13,3
78,14,2
78,15,3
78,16,4
78,17,3
78,18,2
78,19,1
78,20,0
79,0,0
79,1,1
79,2,2
79,3,3
79,4,4
79,5,5
79,6,4
79,7,5
79,8,4
79,9,5
79,10,6
79,11,5
79,12,4
79,13,3
79,14,2
79,15,3
79,16,4
79,17,3
79,18,2
79,19,1
79,20,0
80,0,0
80,1,1
80,2,2
80,3,3
80,4,4
80,5,5
80,6,4
80,7,5
80,8,4
80,9,5
80,10,4
80,11,3
80,12,2
80,13,1
80,14,0
80,15,1
80,16,2
80,17,1
80,18,2
80,19,1
80,20,0
81,0,0
81,1,1
81,2,2
81,3,1
81,4,2
81,5,1
81,6,2
81,7,1
81,8,2
81,9,1
81,10,2
81,11,1
81,12,2
81,13,1
81,14,0
81,15,1
81,16,0
81,17,1
81,18,2
81,19,1
81,20,0
82,0,0
82,1,1
82,2,2
82,3,3
82,4,2
82,5,1
82,6,0
82,7,1
82,8,0
82,9,1
82,10,2
82,11,1
82,12,2
82,13,1
82,14,0
82,15,1
82,16,0
82,17,1
82,18,2
82,19,1
82,20,0
83,0,0
83,1,1
83,2,2
83,3,3
83,4,2
83,5,3
83,6,2
83,7,3
83,8,4
83,9,3
83,10,2
83,11,3
83,12,2
83,13,1
83,14,2
83,15,1
83,16,2
83,17,3
83,18,2
83,19,1
83,20,0
84,0,0
84,1,1
84,2,0
84,3,1
84,4,0
84,5,1
84,6,0
84,7,1
84,8,2
84,9,1
84,10,0
84,11,1
84,12,2
84,13,1
84,14,2
84,15,1
84,16,2
84,17,3
84,18,2
84,19,1
84,20,0
85,0,0
85,1,1
85,2,0
85,3,1
85,4,0
85,5,1
85,6,0
85,7,1
85,8,2
85,9,1
85,10,0
85,11,1
85,12,2
85,13,1
85,14,2
85,15,1
85,16,2
85,17,3
85,18,2
85,19,1
85,20,0
86,0,0
86,1,1
86,2,0
86,3,1
86,4,0
86,5,1
86,6,0
86,7,1
86,8,2
86,9,1
86,10,0
86,11,1
86,12,2
86,13,1
86,14,2
86,15,1
86,16,2
86,17,3
86,18,2
86,19,1
86,20,0
87,0,0
87,1,1
87,2,2
87,3,3
87,4,2
87,5,3
87,6,2
87,7,1
87,8,2
87,9,1
87,10,0
87,11,1
87,12,2
87,13,1
87,14,2
87,15,3
87,16,2
87,17,3
87,18,2
87,19,1
87,20,0
88,0,0
88,1,1
88,2,2
88,3,3
88,4,2
88,5,3
88,6,2
88,7,3
88,8,4
88,9,3
88,10,2
88,11,1
88,12,2
88,13,1
88,14,2
88,15,3
88,16,2
88,17,3
88,18,2
88,19,1
88,20,0
89,0,0
89,1,1
89,2,2
89,3,3
89,4,2
89,5,3
89,6,4
89,7,5
89,8,4
89,9,3
89,10,2
89,11,3
89,12,2
89,13,1
89,14,2
89,15,3
89,16,4
89,17,3
89,18,2
89,19,1
89,20,0
90,0,0
90,1,1
90,2,2
90,3,3
90,4,2
90,5,3
90,6,4
90,7,5
90,8,4
90,9,3
90,10,2
90,11,3
90,12,2
90,13,1
90,14,2
90,15,3
90,16,4
90,17,3
90,18,2
90,19,1
90,20,0
91,0,0
91,1,1
91,2,2
91,3,3
91,4,2
91,5,3
91,6,4
91,7,5
91,8,4
91,9,3
91,10,2
91,11,3
91,12,2
91,13,1
91,14,2
91,15,3
91,16,4
91,17,3
91,18,2
91,19,1
91,20,0
92,0,0
92,1,1
92,2,2
92,3,3
92,4,2
92,5,3
92,6,4
92,7,5
92,8,4
92,9,3
92,10,2
92,11,3
92,12,2
92,13,1
92,14,2
92,15,3
92,16,4
92,17,3
92,18,2
92,19,1
92,20,0
93,0,0
93,1,1
93,2,2
93,3,3
93,4,2
93,5,3
93,6,4
93,7,5
93,8,4
93,9,3
93,10,2
93,11,1
93,12,2
93,13,1
93,14,2
93,15,3
93,16,4
93,17,3
93,18,2
93,19,1
93,20,0
94,0,0
94,1,1
94,2,2
94,3,3
94,4,4
94,5,5
94,6,6
94,7,7
94,8,6
94,9,5
94,10,4
94,11,3
94,12,4
94,13,3
94,14,4
94,15,5
94,16,4
94,17,3
94,18,2
94,19,1
94,20,0
95,0,0
95,1,1
95,2,2
95,3,3
95,4,4
95,5,5
95,6,6
95,7,7
95,8,6
95,9,5
95,10,4
95,11,3
95,12,4
95,13,3
95,14,4
95,15,5
95,16,4
95,17,3
95,18,2
95,19,1
95,20,0
96,0,0
96,1,1
96,2,2
96,3,1
96,4,2
96,5,3
96,6,4
96,7,5
96,8,4
96,9,3
96,10,2
96,11,1
96,12,2
96,13,1
96,14,2
96,15,3
96,16,4
96,17,3
96,18,2
96,19,1
96,20,0
97,0,0
97,1,1
97,2,2
97,3,1
97,4,2
97,5,3
97,6,4
97,7,5
97,8,4
97,9,3
97,10,2
97,11,1
97,12,2
97,13,1
97,14,0
97,15,1
97,16,2
97,17,3
97,18,2
97,19,1
97,20,0
98,0,0
98,1,1
98,2,2
98,3,3
98,4,4
98,5,3
98,6,4
98,7,5
98,8,4
98,9,3
98,10,2
98,11,1
98,12,2
98,13,1
98,14,0
98,15,1
98,16,2
98,17,1
98,18,2
98,19,1
98,20,0
99,0,0
99,1,1
99,2,2
99,3,3
99,4,4
99,5,3
99,6,4
99,7,5
99,8,4
99,9,3
99,10,2
99,11,1
99,12,2
99,13,1
99,14,0
99,15,1
99,16,2
99,17,1
99,18,2
99,19,1
99,20,0
100,0,0
100,1,1
100,2,2
100,3,3
100,4,4
100,5,3
100,6,4
100,7,5
100,8,4
100,9,3
100,10,2
100,11,1
100,12,2
100,13,1
100,14,0
100,15,1
100,16,2
100,17,1
100,18,2
100,19,1
100,20,0
101,0,0
101,1,1
101,2,2
101,3,3
101,4,4
101,5,3
101,6,4
101,7,5
101,8,4
101,9,3
101,10,2
101,11,1
101,12,2
101,13,1
101,14,0
101,15,1
101,16,2
101,17,1
101,18,2
101,19,1
101,20,0
102,0,0
102,1,1
102,2,2
102,3,3
102,4,4
102,5,5
102,6,6
102,7,5
102,8,4
102,9,3
102,10,2
102,11,1
102,12,2
102,13,3
102,14,2
102,15,3
102,16,4
102,17,3
102,18,2
102,19,1
102,20,0
103,0,0
103,1,1
103,2,2
103,3,3
103,4,4
103,5,5
103,6,6
103,7,5
103,8,4
103,9,3
103,10,2
103,11,1
103,12,2
103,13,3
103,14,4
103,15,5
103,16,4
103,17,3
103,18,2
103,19,1
103,20,0
104,0,0
104,1,1
104,2,2
104,3,3
104,4,4
104,5,5
104,6,6
104,7,5
104,8,4
104,9,3
104,10,2
104,11,1
104,12,2
104,13,3
104,14,2
104,15,3
104,16,2
104,17,1
104,18,0
104,19,1
104,20,0
105,0,0
105,1,1
105,2,0
105,3,1
105,4,0
105,5,1
105,6,2
105,7,3
105,8,2
105,9,3
105,10,4
105,11,5
105,12,4
105,13,5
105,14,4
105,15,3
105,16,2
105,17,1
105,18,2
105,19,1
105,20,0
106,0,0
106,1,1
106,2,0
106,3,1
106,4,0
106,5,1
106,6,2
106,7,3
106,8,2
106,9,3
106,10,4
106,11,5
106,12,4
106,13,5
106,14,4
106,15,3
106,16,2
106,17,1
106,18,0
106,19,1
106,20,0
107,0,0
107,1,1
107,2,0
107,3,1
107,4,0
107,5,1
107,6,2
107,7,3
107,8,2
107,9,3
107,10,4
107,11,5
107,12,4
107,13,5
107,14,4
107,15,3
107,16,2
107,17,1
107,18,0
107,19,1
107,20,0
108,0,0
108,1,1
108,2,0
108,3,1
108,4,0
108,5,1
108,6,2
108,7,3
108,8,2
108,9,3
108,10,4
108,11,5
108,12,4
108,13,5
108,14,4
108,15,3
108,16,2
108,17,1
108,18,0
108,19,1
108,20,0
109,0,0
109,1,1
109,2,0
109,3,1
109,4,0
109,5,1
109,6,2
109,7,3
109,8,2
109,9,1
109,10,2
109,11,3
109,12,2
109,13,3
109,14,4
109,15,3
109,16,2
109,17,1
109,18,0
109,19,1
109,20,0
110,0,0
110,1,1
110,2,0
110,3,1
110,4,0
110,5,1
110,6,2
110,7,3
110,8,2
110,9,1
110,10,2
110,11,3
110,12,2
110,13,3
110,14,4
110,15,3
110,16,2
110,17,1
110,18,0
110,19,1
110,20,0
111,0,0
111,1,1
111,2,0
111,3,1
111,4,0
111,5,1
111,6,2
111,7,1
111,8,0
111,9,1
111,10,2
111,11,3
111,12,2
111,13,3
111,14,4
111,15,3
111,16,2
111,17,1
111,18,0
111,19,1
111,20,0
112,0,0
112,1,1
112,2,0
112,3,1
112,4,0
112,5,1
112,6,2
112,7,1
112,8,2
112,9,3
112,10,4
112,11,5
112,12,4
112,13,5
112,14,4
112,15,3
112,16,2
112,17,1
112,18,0
112,19,1
112,20,0
113,0,0
113,1,1
113,2,0
113,3,1
113,4,0
113,5,1
113,6,2
113,7,1
113,8,2
113,9,3
113,10,4
113,11,5
113,12,4
113,13,5
113,14,4
113,15,3
113,16,2
113,17,1
113,18,0
113,19,1
113,20,0
114,0,0
114,1,1
114,2,0
114,3,1
114,4,0
114,5,1
114,6,2
114,7,1
114,8,2
114,9,3
114,10,4
114,11,5
114,12,4
114,13,5
114,14,4
114,15,3
114,16,2
114,17,1
114,18,0
114,19,1
114,20,0
115,0,0
115,1,1
115,2,0
115,3,1
115,4,0
115,5,1
115,6,2
115,7,1
115,8,2
115,9,3
115,10,4
115,11,5
115,12,4
115,13,5
115,14,4
115,15,3
115,16,2
115,17,1
115,18,0
115,19,1
115,20,0
116,0,0
116,1,1
116,2,0
116,3,1
116,4,0
116,5,1
116,6,2
116,7,1
116,8,2
116,9,3
116,10,4
116,11,5
116,12,4
116,13,5
116,14,4
116,15,3
116,16,2
116,17,1
116,18,0
116,19,1
116,20,0
117,0,0
117,1,1
117,2,0
117,3,1
117,4,0
117,5,1
117,6,2
117,7,1
117,8,2
117,9,3
117,10,4
117,11,3
117,12,2
117,13,3
117,14,2
117,15,1
117,16,2
117,17,3
117,18,2
117,19,1
117,20,0
118,0,0
118,1,1
118,2,0
118,3,1
118,4,2
118,5,3
118,6,4
118,7,3
118,8,4
118,9,5
118,10,6
118,11,5
118,12,4
118,13,3
118,14,2
118,15,3
118,16,2
118,17,3
118,18,2
118,19,1
118,20,0
119,0,0
119,1,1
119,2,0
119,3,1
119,4,2
119,5,3
119,6,4
119,7,5
119,8,6
119,9,7
119,10,8
119,11,7
119,12,6
119,13,5
119,14,4
119,15,5
119,16,4
119,17,3
119,18,2
119,19,1
119,20,0
120,0,0
120,1,1
120,2,0
120,3,1
120,4,2
120,5,3
120,6,4
120,7,5
120,8,6
120,9,7
120,10,8
120,11,7
120,12,6
120,13,5
120,14,4
120,15,5
120,16,4
120,17,3
120,18,2
120,19,1
120,20,0
121,0,0
121,1,1
121,2,0
121,3,1
121,4,2
121,5,3
121,6,4
121,7,5
121,8,6
121,9,7
121,10,8
121,11,7
121,12,6
121,13,5
121,14,4
121,15,5
121,16,4
121,17,3
121,18,2
121,19,1
121,20,0
122,0,0
122,1,1
122,2,0
122,3,1
122,4,2
122,5,3
122,6,4
122,7,5
122,8,6
122,9,7
122,10,8
122,11,7
122,12,6
122,13,5
122,14,4
122,15,5
122,16,4
122,17,3
122,18,2
122,19,1
122,20,0
123,0,0
123,1,1
123,2,0
123,3,1
123,4,2
123,5,3
123,6,4
123,7,5
123,8,6
123,9,7
123,10,8
123,11,7
123,12,6
123,13,5
123,14,4
123,15,5
123,16,4
123,17,3
123,18,2
123,19,1
123,20,0
124,0,0
124,1,1
124,2,0
124,3,1
124,4,2
124,5,3
124,6,4
124,7,5
124,8,4
124,9,3
124,10,4
124,11,3
124,12,4
124,13,5
124,14,4
124,15,5
124,16,4
124,17,3
124,18,2
124,19,1
124,20,0
125,0,0
125,1,1
125,2,0
125,3,1
125,4,2
125,5,3
125,6,4
125,7,5
125,8,4
125,9,3
125,10,4
125,11,3
125,12,4
125,13,5
125,14,4
125,15,5
125,16,4
125,17,3
125,18,2
125,19,1
125,20,0
126,0,0
126,1,1
126,2,0
126,3,1
126,4,2
126,5,3
126,6,4
126,7,5
126,8,4
126,9,3
126,10,4
126,11,3
126,12,4
126,13,5
126,14,4
126,15,5
126,16,4
126,17,3
126,18,2
126,19,1
126,20,0
127,0,0
127,1,1
127,2,0
127,3,1
127,4,2
127,5,3
127,6,4
127,7,3
127,8,2
127,9,3
127,10,4
127,11,3
127,12,4
127,13,5
127,14,4
127,15,5
127,16,4
127,17,3
127,18,2
127,19,1
127,20,0
128,0,0
128,1,1
128,2,0
128,3,1
128,4,2
128,5,3
128,6,4
128,7,3
128,8,2
128,9,3
128,10,4
128,11,3
128,12,4
128,13,5
128,14,4
128,15,5
128,16,4
128,17,3
128,18,2
128,19,1
128,20,0
129,0,0
129,1,1
129,2,0
129,3,1
129,4,2
129,5,3
129,6,4
129,7,3
129,8,2
129,9,3
129,10,4
129,11,3
129,12,4
129,13,5
129,14,4
129,15,5
129,16,4
129,17,3
129,18,2
129,19,1
129,20,0
130,0,0
130,1,1
130,2,0
130,3,1
130,4,2
130,5,3
130,6,4
130,7,3
130,8,2
130,9,3
130,10,4
130,11,3
130,12,4
130,13,5
130,14,4
130,15,5
130,16,4
130,17,3
130,18,2
130,19,1
130,20,0
131,0,0
131,1,1
131,2,0
131,3,1
131,4,2
131,5,3
131,6,4
131,7,3
131,8,2
131,9,3
131,10,4
131,11,3
131,12,4
131,13,5
131,14,4
131,15,3
131,16,2
131,17,1
131,18,0
131,19,1
131,20,0
132,0,0
132,1,1
132,2,0
132,3,1
132,4,0
132,5,1
132,6,2
132,7,1
132,8,0
132,9,1
132,10,2
132,11,1
132,12,2
132,13,3
132,14,2
132,15,1
132,16,2
132,17,1
132,18,0
132,19,1
132,20,0
133,0,0
133,1,1
133,2,0
133,3,1
133,4,0
133,5,1
133,6,2
133,7,1
133,8,0
133,9,1
133,10,2
133,11,1
133,12,2
133,13,3
133,14,2
133,15,1
133,16,2
133,17,1
133,18,0
133,19,1
133,20,0
134,0,0
134,1,1
134,2,0
134,3,1
134,4,0
134,5,1
134,6,2
134,7,1
134,8,0
134,9,1
134,10,2
134,11,1
134,12,2
134,13,3
134,14,2
134,15,1
134,16,2
134,17,1
134,18,0
134,19,1
134,20,0
135,0,0
135,1,1
135,2,0
135,3,1
135,4,0
135,5,1
135,6,2
135,7,1
135,8,0
135,9,1
135,10,2
135,11,1
135,12,2
135,13,3
135,14,2
135,15,1
135,16,2
135,17,1
135,18,0
135,19,1
135,20,0
136,0,0
136,1,1
136,2,2
136,3,3
136,4,2
136,5,3
136,6,2
136,7,1
136,8,2
136,9,3
136,10,2
136,11,1
136,12,2
136,13,1
136,14,2
136,15,3
136,16,2
136,17,1
136,18,0
136,19,1
136,20,0
137,0,0
137,1,1
137,2,2
137,3,3
137,4,2
137,5,3
137,6,2
137,7,1
137,8,2
137,9,3
137,10,2
137,11,1
137,12,2
137,13,1
137,14,2
137,15,3
137,16,2
137,17,1
137,18,0
137,19,1
137,20,0
138,0,0
138,1,1
138,2,0
138,3,1
138,4,2
138,5,3
138,6,2
138,7,1
138,8,2
138,9,1
138,10,2
138,11,1
138,12,0
138,13,1
138,14,2
138,15,3
138,16,4
138,17,3
138,18,2
138,19,1
138,20,0
139,0,0
139,1,1
139,2,0
139,3,1
139,4,0
139,5,1
139,6,0
139,7,1
139,8,0
139,9,1
139,10,2
139,11,3
139,12,4
139,13,5
139,14,4
139,15,3
139,16,2
139,17,1
139,18,0
139,19,1
139,20,0
140,0,0
140,1,1
140,2,0
140,3,1
140,4,2
140,5,3
140,6,2
140,7,1
140,8,0
140,9,1
140,10,2
140,11,3
140,12,4
140,13,5
140,14,4
140,15,3
140,16,2
140,17,1
140,18,0
140,19,1
140,20,0
141,0,0
141,1,1
141,2,0
141,3,1
141,4,2
141,5,3
141,6,2
141,7,1
141,8,0
141,9,1
141,10,2
141,11,3
141,12,4
141,13,5
141,14,4
141,15,3
141,16,2
141,17,1
141,18,0
141,19,1
141,20,0
142,0,0
142,1,1
142,2,0
142,3,1
142,4,2
142,5,3
142,6,2
142,7,1
142,8,0
142,9,1
142,10,2
142,11,1
142,12,2
142,13,3
142,14,2
142,15,1
142,16,0
142,17,1
142,18,0
142,19,1
142,20,0
143,0,0
143,1,1
143,2,0
143,3,1
143,4,2
143,5,3
143,6,2
143,7,3
143,8,2
143,9,3
143,10,4
143,11,3
143,12,2
143,13,3
143,14,2
143,15,1
143,16,0
143,17,1
143,18,0
143,19,1
143,20,0
144,0,0
144,1,1
144,2,0
144,3,1
144,4,2
144,5,3
144,6,2
144,7,3
144,8,2
144,9,3
144,10,4
144,11,3
144,12,2
144,13,3
144,14,2
144,15,1
144,16,0
144,17,1
144,18,0
144,19,1
144,20,0
145,0,0
145,1,1
145,2,0
145,3,1
145,4,2
145,5,1
145,6,0
145,7,1
145,8,0
145,9,1
145,10,2
145,11,1
145,12,0
145,13,1
145,14,2
145,15,1
145,16,0
145,17,1
145,18,0
145,19,1
145,20,0
146,0,0
146,1,1
146,2,0
146,3,1
146,4,2
146,5,1
146,6,0
146,7,1
146,8,0
146,9,1
146,10,2
146,11,1
146,12,0
146,13,1
146,14,2
146,15,1
146,16,0
146,17,1
146,18,0
146,19,1
146,20,0
147,0,0
147,1,1
147,2,0
147,3,1
147,4,2
147,5,1
147,6,0
147,7,1
147,8,0
147,9,1
147,10,2
147,11,1
147,12,0
147,13,1
147,14,2
147,15,1
147,16,0
147,17,1
147,18,0
147,19,1
147,20,0
148,0,0
148,1,1
148,2,0
148,3,1
148,4,2
148,5,1
148,6,0
148,7,1
148,8,0
148,9,1
148,10,2
148,11,1
148,12,0
148,13,1
148,14,2
148,15,1
148,16,0
148,17,1
148,18,0
148,19,1
148,20,0
149,0,0
149,1,1
149,2,0
149,3,1
149,4,2
149,5,1
149,6,0
149,7,1
149,8,0
149,9,1
149,10,2
149,11,1
149,12,0
149,13,1
149,14,2
149,15,1
149,16,0
149,17,1
149,18,0
149,19,1
149,20,0
150,0,0
150,1,1
150,2,0
150,3,1
150,4,2
150,5,1
150,6,0
150,7,1
150,8,0
150,9,1
150,10,2
150,11,1
150,12,0
150,13,1
150,14,2
150,15,1
150,16,0
150,17,1
150,18,0
150,19,1
150,20,0
151,0,0
151,1,1
151,2,0
151,3,1
151,4,0
151,5,1
151,6,2
151,7,3
151,8,2
151,9,3
151,10,4
151,11,3
151,12,4
151,13,3
151,14,2
151,15,1
151,16,2
151,17,3
151,18,2
151,19,1
151,20,0
152,0,0
152,1,1
152,2,0
152,3,1
152,4,0
152,5,1
152,6,2
152,7,3
152,8,2
152,9,3
152,10,4
152,11,3
152,12,4
152,13,3
152,14,2
152,15,1
152,16,2
152,17,3
152,18,2
152,19,1
152,20,0
153,0,0
153,1,1
153,2,0
153,3,1
153,4,0
153,5,1
153,6,2
153,7,3
153,8,2
153,9,1
153,10,2
153,11,1
153,12,2
153,13,3
153,14,2
153,15,1
153,16,2
153,17,3
153,18,2
153,19,1
153,20,0
154,0,0
154,1,1
154,2,0
154,3,1
154,4,0
154,5,1
154,6,2
154,7,3
154,8,2
154,9,1
154,10,2
154,11,1
154,12,2
154,13,3
154,14,2
154,15,1
154,16,2
154,17,3
154,18,2
154,19,1
154,20,0
155,0,0
155,1,1
155,2,0
155,3,1
155,4,0
155,5,1
155,6,2
155,7,3
155,8,2
155,9,1
155,10,2
155,11,1
155,12,2
155,13,3
155,14,2
155,15,1
155,16,2
155,17,3
155,18,2
155,19,1
155,20,0
156,0,0
156,1,1
156,2,0
156,3,1
156,4,0
156,5,1
156,6,2
156,7,3
156,8,2
156,9,1
156,10,2
156,11,1
156,12,2
156,13,3
156,14,2
156,15,1
156,16,2
156,17,3
156,18,2
156,19,1
156,20,0
157,0,0
157,1,1
157,2,0
157,3,1
157,4,0
157,5,1
157,6,2
157,7,3
157,8,2
157,9,1
157,10,2
157,11,1
157,12,2
157,13,3
157,14,2
157,15,1
157,16,2
157,17,3
157,18,2
157,19,1
157,20,0
158,0,0
158,1,1
158,2,0
158,3,1
158,4,0
158,5,1
158,6,2
158,7,3
158,8,2
158,9,1
158,10,2
158,11,1
158,12,2
158,13,3
158,14,2
158,15,1
158,16,2
158,17,3
158,18,2
158,19,1
158,20,0
159,0,0
159,1,1
159,2,2
159,3,1
159,4,2
159,5,1
159,6,2
159,7,1
159,8,2
159,9,1
159,10,2
159,11,3
159,12,2
159,13,1
159,14,0
159,15,1
159,16,2
159,17,1
159,18,2
159,19,1
159,20,0
160,0,0
160,1,1
160,2,2
160,3,1
160,4,2
160,5,1
160,6,2
160,7,1
160,8,2
160,9,1
160,10,2
160,11,3
160,12,2
160,13,1
160,14,0
160,15,1
160,16,2
160,17,1
160,18,2
160,19,1
160,20,0
161,0,0
161,1,1
161,2,2
161,3,1
161,4,2
161,5,1
161,6,2
161,7,1
161,8,2
161,9,1
161,10,2
161,11,3
161,12,2
161,13,1
161,14,0
161,15,1
161,16,2
161,17,1
161,18,2
161,19,1
161,20,0
162,0,0
162,1,1
162,2,2
162,3,1
162,4,2
162,5,1
162,6,2
162,7,3
162,8,4
162,9,3
162,10,4
162,11,3
162,12,2
162,13,1
162,14,0
162,15,1
162,16,2
162,17,1
162,18,2
162,19,1
162,20,0
163,0,0
163,1,1
163,2,2
163,3,1
163,4,2
163,5,1
163,6,2
163,7,3
163,8,4
163,9,3
163,10,4
163,11,3
163,12,2
163,13,1
163,14,0
163,15,1
163,16,2
163,17,1
163,18,2
163,19,1
163,20,0
164,0,0
164,1,1
164,2,0
164,3,1
164,4,2
164,5,1
164,6,2
164,7,3
164,8,4
164,9,3
164,10,4
164,11,3
164,12,2
164,13,1
164,14,0
164,15,1
164,16,0
164,17,1
164,18,2
164,19,1
164,20,0
165,0,0
165,1,1
165,2,0
165,3,1
165,4,2
165,5,1
165,6,2
165,7,3
165,8,4
165,9,5
165,10,6
165,11,5
165,12,4
165,13,3
165,14,2
165,15,3
165,16,2
165,17,3
165,18,2
165,19,1
165,20,0
166,0,0
166,1,1
166,2,0
166,3,1
166,4,2
166,5,1
166,6,2
166,7,3
166,8,4
166,9,5
166,10,6
166,11,5
166,12,4
166,13,3
166,14,2
166,15,3
166,16,2
166,17,3
166,18,2
166,19,1
166,20,0
167,0,0
167,1,1
167,2,0
167,3,1
167,4,2
167,5,1
167,6,0
167,7,1
167,8,2
167,9,3
167,10,4
167,11,3
167,12,2
167,13,3
167,14,2
167,15,3
167,16,2
167,17,3
167,18,2
167,19,1
167,20,0
168,0,0
168,1,1
168,2,0
168,3,1
168,4,2
168,5,1
168,6,0
168,7,1
168,8,2
168,9,3
168,10,4
168,11,3
168,12,4
168,13,5
168,14,4
168,15,3
168,16,2
168,17,3
168,18,2
168,19,1
168,20,0
169,0,0
169,1,1
169,2,0
169,3,1
169,4,2
169,5,1
169,6,0
169,7,1
169,8,2
169,9,3
169,10,4
169,11,3
169,12,4
169,13,5
169,14,4
169,15,5
169,16,4
169,17,3
169,18,2
169,19,1
169,20,0
170,0,0
170,1,1
170,2,0
170,3,1
170,4,0
170,5,1
170,6,2
170,7,3
170,8,4
170,9,5
170,10,4
170,11,3
170,12,4
170,13,3
170,14,2
170,15,3
170,16,4
170,17,3
170,18,2
170,19,1
170,20,0
171,0,0
171,1,1
171,2,0
171,3,1
171,4,0
171,5,1
171,6,2
171,7,3
171,8,4
171,9,5
171,10,4
171,11,3
171,12,4
171,13,3
171,14,2
171,15,3
171,16,4
171,17,3
171,18,2
171,19,1
171,20,0
172,0,0
172,1,1
172,2,0
172,3,1
172,4,0
172,5,1
172,6,0
172,7,1
172,8,2
172,9,3
172,10,2
172,11,1
172,12,2
172,13,1
172,14,2
172,15,3
172,16,4
172,17,3
172,18,2
172,19,1
172,20,0
173,0,0
173,1,1
173,2,0
173,3,1
173,4,0
173,5,1
173,6,0
173,7,1
173,8,2
173,9,3
173,10,4
173,11,3
173,12,2
173,13,1
173,14,2
173,15,3
173,16,4
173,17,3
173,18,2
173,19,1
173,20,0
174,0,0
174,1,1
174,2,0
174,3,1
174,4,0
174,5,1
174,6,0
174,7,1
174,8,2
174,9,3
174,10,4
174,11,3
174,12,2
174,13,1
174,14,2
174,15,1
174,16,2
174,17,1
174,18,0
174,19,1
174,20,0
175,0,0
175,1,1
175,2,0
175,3,1
175,4,0
175,5,1
175,6,0
175,7,1
175,8,2
175,9,3
175,10,4
175,11,3
175,12,2
175,13,1
175,14,2
175,15,1
175,16,2
175,17,1
175,18,2
175,19,1
175,20,0
176,0,0
176,1,1
176,2,2
176,3,3
176,4,2
176,5,3
176,6,2
176,7,3
176,8,4
176,9,3
176,10,4
176,11,3
176,12,2
176,13,1
176,14,2
176,15,3
176,16,2
176,17,1
176,18,2
176,19,1
176,20,0
177,0,0
177,1,1
177,2,2
177,3,3
177,4,2
177,5,1
177,6,2
177,7,3
177,8,4
177,9,3
177,10,4
177,11,3
177,12,2
177,13,1
177,14,2
177,15,3
177,16,2
177,17,1
177,18,2
177,19,1
177,20,0
178,0,0
178,1,1
178,2,2
178,3,3
178,4,2
178,5,1
178,6,2
178,7,3
178,8,4
178,9,3
178,10,4
178,11,3
178,12,2
178,13,1
178,14,2
178,15,3
178,16,2
178,17,1
178,18,2
178,19,1
178,20,0
179,0,0
179,1,1
179,2,2
179,3,3
179,4,2
179,5,1
179,6,2
179,7,3
179,8,4
179,9,3
179,10,4
179,11,3
179,12,2
179,13,1
179,14,2
179,15,3
179,16,2
179,17,1
179,18,2
179,19,1
179,20,0
180,0,0
180,1,1
180,2,0
180,3,1
180,4,2
180,5,3
180,6,4
180,7,3
180,8,2
180,9,3
180,10,2
180,11,1
180,12,2
180,13,1
180,14,2
180,15,1
180,16,2
180,17,3
180,18,2
180,19,1
180,20,0
181,0,0
181,1,1
181,2,0
181,3,1
181,4,2
181,5,1
181,6,2
181,7,1
181,8,2
181,9,1
181,10,2
181,11,3
181,12,2
181,13,3
181,14,2
181,15,3
181,16,2
181,17,1
181,18,2
181,19,1
181,20,0
182,0,0
182,1,1
182,2,0
182,3,1
182,4,2
182,5,1
182,6,2
182,7,1
182,8,2
182,9,3
182,10,4
182,11,3
182,12,2
182,13,3
182,14,2
182,15,3
182,16,2
182,17,1
182,18,2
182,19,1
182,20,0
183,0,0
183,1,1
183,2,0
183,3,1
183,4,2
183,5,1
183,6,2
183,7,1
183,8,2
183,9,1
183,10,2
183,11,1
183,12,2
183,13,3
183,14,2
183,15,3
183,16,2
183,17,1
183,18,2
183,19,1
183,20,0
184,0,0
184,1,1
184,2,0
184,3,1
184,4,2
184,5,1
184,6,2
184,7,1
184,8,2
184,9,1
184,10,2
184,11,1
184,12,0
184,13,1
184,14,0
184,15,1
184,16,0
184,17,1
184,18,2
184,19,1
184,20,0
185,0,0
185,1,1
185,2,0
185,3,1
185,4,2
185,5,1
185,6,2
185,7,1
185,8,2
185,9,1
185,10,2
185,11,1
185,12,0
185,13,1
185,14,0
185,15,1
185,16,0
185,17,1
185,18,2
185,19,1
185,20,0
186,0,0
186,1,1
186,2,0
186,3,1
186,4,2
186,5,1
186,6,2
186,7,1
186,8,2
186,9,1
186,10,2
186,11,1
186,12,0
186,13,1
186,14,0
186,15,1
186,16,0
186,17,1
186,18,2
186,19,1
186,20,0
187,0,0
187,1,1
187,2,0
187,3,1
187,4,2
187,5,1
187,6,2
187,7,1
187,8,2
187,9,1
187,10,2
187,11,1
187,12,0
187,13,1
187,14,0
187,15,1
187,16,0
187,17,1
187,18,2
187,19,1
187,20,0
188,0,0
188,1,1
188,2,0
188,3,1
188,4,2
188,5,1
188,6,2
188,7,3
188,8,4
188,9,3
188,10,4
188,11,3
188,12,2
188,13,1
188,14,0
188,15,1
188,16,0
188,17,1
188,18,2
188,19,1
188,20,0
189,0,0
189,1,1
189,2,0
189,3,1
189,4,2
189,5,1
189,6,2
189,7,3
189,8,4
189,9,3
189,10,4
189,11,3
189,12,2
189,13,1
189,14,0
189,15,1
189,16,0
189,17,1
189,18,2
189,19,1
189,20,0
190,0,0
190,1,1
190,2,0
190,3,1
190,4,2
190,5,1
190,6,2
190,7,3
190,8,4
190,9,3
190,10,2
190,11,3
190,12,2
190,13,1
190,14,0
190,15,1
190,16,2
190,17,3
190,18,2
190,19,1
190,20,0
191,0,0
191,1,1
191,2,0
191,3,1
191,4,0
191,5,1
191,6,2
191,7,1
191,8,0
191,9,1
191,10,2
191,11,3
191,12,2
191,13,1
191,14,2
191,15,1
191,16,0
191,17,1
191,18,2
191,19,1
191,20,0
192,0,0
192,1,1
192,2,0
192,3,1
192,4,0
192,5,1
192,6,2
192,7,1
192,8,0
192,9,1
192,10,2
192,11,3
192,12,2
192,13,1
192,14,2
192,15,1
192,16,0
192,17,1
192,18,2
192,19,1
192,20,0
193,0,0
193,1,1
193,2,0
193,3,1
193,4,0
193,5,1
193,6,2
193,7,1
193,8,0
193,9,1
193,10,2
193,11,3
193,12,2
193,13,1
193,14,2
193,15,1
193,16,0
193,17,1
193,18,2
193,19,1
193,20,0
194,0,0
194,1,1
194,2,0
194,3,1
194,4,2
194,5,3
194,6,4
194,7,3
194,8,2
194,9,1
194,10,2
194,11,1
194,12,0
194,13,1
194,14,2
194,15,1
194,16,0
194,17,1
194,18,0
194,19,1
194,20,0
195,0,0
195,1,1
195,2,0
195,3,1
195,4,0
195,5,1
195,6,2
195,7,3
195,8,2
195,9,1
195,10,2
195,11,3
195,12,2
195,13,3
195,14,4
195,15,3
195,16,2
195,17,3
195,18,2
195,19,1
195,20,0
196,0,0
196,1,1
196,2,0
196,3,1
196,4,0
196,5,1
196,6,2
196,7,3
196,8,2
196,9,1
196,10,2
196,11,3
196,12,2
196,13,3
196,14,4
196,15,3
196,16,2
196,17,3
196,18,2
196,19,1
196,20,0
197,0,0
197,1,1
197,2,2
197,3,3
197,4,2
197,5,1
197,6,2
197,7,3
197,8,2
197,9,1
197,10,2
197,11,3
197,12,2
197,13,3
197,14,4
197,15,3
197,16,2
197,17,3
197,18,2
197,19,1
197,20,0
198,0,0
198,1,1
198,2,2
198,3,3
198,4,2
198,5,1
198,6,2
198,7,3
198,8,2
198,9,1
198,10,2
198,11,3
198,12,2
198,13,3
198,14,4
198,15,3
198,16,2
198,17,3
198,18,2
198,19,1
198,20,0
199,0,0
199,1,1
199,2,2
199,3,3
199,4,2
199,5,1
199,6,2
199,7,3
199,8,2
199,9,1
199,10,2
199,11,3
199,12,2
199,13,3
199,14,4
199,15,3
199,16,2
199,17,3
199,18,2
199,19,1
199,20,0
200,0,0
200,1,1
200,2,2
200,3,3
200,4,2
200,5,1
200,6,2
200,7,3
200,8,2
200,9,1
200,10,2
200,11,3
200,12,2
200,13,3
200,14,4
200,15,3
200,16,2
200,17,3
200,18,2
200,19,1
200,20,0
201,0,0
201,1,1
201,2,2
201,3,3
201,4,2
201,5,1
201,6,2
201,7,3
201,8,2
201,9,1
201,10,2
201,11,3
201,12,2
201,13,3
201,14,4
201,15,3
201,16,2
201,17,3
201,18,2
201,19,1
201,20,0
202,0,0
202,1,1
202,2,2
202,3,3
202,4,2
202,5,1
202,6,2
202,7,3
202,8,2
202,9,1
202,10,2
202,11,3
202,12,2
202,13,3
202,14,4
202,15,3
202,16,2
202,17,3
202,18,2
202,19,1
202,20,0
203,0,0
203,1,1
203,2,2
203,3,3
203,4,2
203,5,3
203,6,4
203,7,3
203,8,2
203,9,1
203,10,2
203,11,3
203,12,2
203,13,1
203,14,2
203,15,1
203,16,2
203,17,3
203,18,2
203,19,1
203,20,0
204,0,0
204,1,1
204,2,2
204,3,3
204,4,2
204,5,3
204,6,4
204,7,3
204,8,2
204,9,1
204,10,2
204,11,3
204,12,2
204,13,1
204,14,2
204,15,1
204,16,2
204,17,3
204,18,2
204,19,1
204,20,0
205,0,0
205,1,1
205,2,2
205,3,3
205,4,2
205,5,3
205,6,4
205,7,3
205,8,2
205,9,1
205,10,2
205,11,3
205,12,2
205,13,1
205,14,2
205,15,1
205,16,2
205,17,3
205,18,2
205,19,1
205,20,0
206,0,0
206,1,1
206,2,2
206,3,3
206,4,2
206,5,3
206,6,4
206,7,3
206,8,2
206,9,1
206,10,2
206,11,3
206,12,2
206,13,1
206,14,2
206,15,1
206,16,2
206,17,3
206,18,2
206,19,1
206,20,0
207,0,0
207,1,1
207,2,2
207,3,3
207,4,2
207,5,3
207,6,4
207,7,3
207,8,2
207,9,1
207,10,2
207,11,3
207,12,2
207,13,1
207,14,2
207,15,1
207,16,2
207,17,3
207,18,2
207,19,1
207,20,0
208,0,0
208,1,1
208,2,2
208,3,3
208,4,2
208,5,3
208,6,4
208,7,3
208,8,2
208,9,1
208,10,2
208,11,3
208,12,2
208,13,1
208,14,2
208,15,1
208,16,2
208,17,3
208,18,2
208,19,1
208,20,0
209,0,0
209,1,1
209,2,2
209,3,3
209,4,2
209,5,3
209,6,4
209,7,3
209,8,2
209,9,1
209,10,2
209,11,3
209,12,2
209,13,1
209,14,2
209,15,1
209,16,2
209,17,3
209,18,2
209,19,1
209,20,0
210,0,0
210,1,1
210,2,2
210,3,3
210,4,4
210,5,3
210,6,4
210,7,5
210,8,4
210,9,3
210,10,4
210,11,3
210,12,2
210,13,3
210,14,2
210,15,1
210,16,2
210,17,3
210,18,2
210,19,1
210,20,0
211,0,0
211,1,1
211,2,2
211,3,3
211,4,4
211,5,3
211,6,4
211,7,5
211,8,4
211,9,3
211,10,4
211,11,3
211,12,2
211,13,3
211,14,2
211,15,1
211,16,2
211,17,3
211,18,2
211,19,1
211,20,0
212,0,0
212,1,1
212,2,2
212,3,3
212,4,4
212,5,3
212,6,4
212,7,5
212,8,4
212,9,3
212,10,4
212,11,3
212,12,2
212,13,3
212,14,2
212,15,1
212,16,2
212,17,3
212,18,2
212,19,1
212,20,0
213,0,0
213,1,1
213,2,0
213,3,1
213,4,2
213,5,3
213,6,2
213,7,3
213,8,4
213,9,3
213,10,2
213,11,3
213,12,4
213,13,3
213,14,4
213,15,3
213,16,2
213,17,1
213,18,0
213,19,1
213,20,0
214,0,0
214,1,1
214,2,0
214,3,1
214,4,2
214,5,3
214,6,2
214,7,3
214,8,4
214,9,3
214,10,2
214,11,3
214,12,4
214,13,3
214,14,4
214,15,3
214,16,2
214,17,1
214,18,0
214,19,1
214,20,0
215,0,0
215,1,1
215,2,0
215,3,1
215,4,2
215,5,3
215,6,2
215,7,3
215,8,2
215,9,1
215,10,0
215,11,1
215,12,2
215,13,3
215,14,4
215,15,3
215,16,2
215,17,1
215,18,0
215,19,1
215,20,0
216,0,0
216,1,1
216,2,0
216,3,1
216,4,2
216,5,3
216,6,2
216,7,3
216,8,2
216,9,1
216,10,0
216,11,1
216,12,2
216,13,3
216,14,4
216,15,3
216,16,2
216,17,1
216,18,0
216,19,1
216,20,0
217,0,0
217,1,1
217,2,2
217,3,3
217,4,4
217,5,5
217,6,4
217,7,3
217,8,4
217,9,3
217,10,2
217,11,1
217,12,0
217,13,1
217,14,0
217,15,1
217,16,2
217,17,1
217,18,2
217,19,1
217,20,0
218,0,0
218,1,1
218,2,2
218,3,3
218,4,4
218,5,5
218,6,4
218,7,3
218,8,4
218,9,3
218,10,2
218,11,1
218,12,0
218,13,1
218,14,0
218,15,1
218,16,2
218,17,1
218,18,2
218,19,1
218,20,0
219,0,0
219,1,1
219,2,2
219,3,3
219,4,4
219,5,5
219,6,4
219,7,3
219,8,2
219,9,3
219,10,2
219,11,1
219,12,0
219,13,1
219,14,0
219,15,1
219,16,2
219,17,1
219,18,2
219,19,1
219,20,0
220,0,0
220,1,1
220,2,2
220,3,3
220,4,4
220,5,5
220,6,4
220,7,3
220,8,2
220,9,3
220,10,2
220,11,1
220,12,0
220,13,1
220,14,0
220,15,1
220,16,2
220,17,1
220,18,2
220,19,1
220,20,0
221,0,0
221,1,1
221,2,2
221,3,1
221,4,2
221,5,3
221,6,2
221,7,1
221,8,0
221,9,1
221,10,2
221,11,1
221,12,0
221,13,1
221,14,0
221,15,1
221,16,2
221,17,1
221,18,2
221,19,1
221,20,0
222,0,0
222,1,1
222,2,2
222,3,1
222,4,2
222,5,3
222,6,2
222,7,1
222,8,0
222,9,1
222,10,2
222,11,1
222,12,0
222,13,1
222,14,0
222,15,1
222,16,2
222,17,1
222,18,2
222,19,1
222,20,0
223,0,0
223,1,1
223,2,2
223,3,1
223,4,2
223,5,3
223,6,4
223,7,3
223,8,2
223,9,3
223,10,4
223,11,3
223,12,2
223,13,3
223,14,4
223,15,3
223,16,2
223,17,1
223,18,2
223,19,1
223,20,0
224,0,0
224,1,1
224,2,2
224,3,1
224,4,2
224,5,3
224,6,4
224,7,3
224,8,2
224,9,3
224,10,4
224,11,3
224,12,2
224,13,3
224,14,4
224,15,3
224,16,2
224,17,1
224,18,2
224,19,1
224,20,0
225,0,0
225,1,1
225,2,2
225,3,3
225,4,2
225,5,3
225,6,2
225,7,1
225,8,2
225,9,1
225,10,2
225,11,1
225,12,0
225,13,1
225,14,0
225,15,1
225,16,2
225,17,1
225,18,2
225,19,1
225,20,0
226,0,0
226,1,1
226,2,2
226,3,3
226,4,2
226,5,3
226,6,2
226,7,1
226,8,2
226,9,1
226,10,2
226,11,1
226,12,0
226,13,1
226,14,0
226,15,1
226,16,2
226,17,1
226,18,2
226,19,1
226,20,0
227,0,0
227,1,1
227,2,0
227,3,1
227,4,2
227,5,3
227,6,2
227,7,1
227,8,0
227,9,1
227,10,2
227,11,3
227,12,2
227,13,3
227,14,2
227,15,3
227,16,2
227,17,1
227,18,2
227,19,1
227,20,0
228,0,0
228,1,1
228,2,0
228,3,1
228,4,2
228,5,3
228,6,2
228,7,1
228,8,0
228,9,1
228,10,2
228,11,1
228,12,2
228,13,3
228,14,2
228,15,3
228,16,2
228,17,1
228,18,2
228,19,1
228,20,0
229,0,0
229,1,1
229,2,2
229,3,3
229,4,4
229,5,5
229,6,4
229,7,3
229,8,2
229,9,3
229,10,4
229,11,3
229,12,2
229,13,3
229,14,2
229,15,3
229,16,2
229,17,1
229,18,2
229,19,1
229,20,0
230,0,0
230,1,1
230,2,2
230,3,3
230,4,4
230,5,3
230,6,2
230,7,1
230,8,0
230,9,1
230,10,2
230,11,3
230,12,2
230,13,3
230,14,2
230,15,3
230,16,2
230,17,1
230,18,2
230,19,1
230,20,0
231,0,0
231,1,1
231,2,2
231,3,3
231,4,4
231,5,3
231,6,2
231,7,1
231,8,0
231,9,1
231,10,2
231,11,3
231,12,2
231,13,3
231,14,2
231,15,3
231,16,2
231,17,1
231,18,2
231,19,1
231,20,0
232,0,0
232,1,1
232,2,2
232,3,1
232,4,2
232,5,3
232,6,4
232,7,3
232,8,2
232,9,3
232,10,4
232,11,3
232,12,2
232,13,1
232,14,2
232,15,3
232,16,2
232,17,1
232,18,2
232,19,1
232,20,0
233,0,0
233,1,1
233,2,2
233,3,3
233,4,4
233,5,3
233,6,4
233,7,5
233,8,4
233,9,5
233,10,4
233,11,3
233,12,2
233,13,1
233,14,2
233,15,1
233,16,2
233,17,1
233,18,0
233,19,1
233,20,0
234,0,0
234,1,1
234,2,2
234,3,3
234,4,2
234,5,1
234,6,2
234,7,3
234,8,4
234,9,5
234,10,4
234,11,3
234,12,2
234,13,1
234,14,2
234,15,1
234,16,2
234,17,1
234,18,0
234,19,1
234,20,0
235,0,0
235,1,1
235,2,2
235,3,3
235,4,2
235,5,1
235,6,2
235,7,3
235,8,4
235,9,5
235,10,4
235,11,3
235,12,2
235,13,1
235,14,2
235,15,1
235,16,2
235,17,1
235,18,0
235,19,1
235,20,0
236,0,0
236,1,1
236,2,0
236,3,1
236,4,2
236,5,3
236,6,4
236,7,5
236,8,4
236,9,3
236,10,2
236,11,3
236,12,2
236,13,1
236,14,2
236,15,3
236,16,2
236,17,1
236,18,0
236,19,1
236,20,0
237,0,0
237,1,1
237,2,0
237,3,1
237,4,2
237,5,3
237,6,4
237,7,5
237,8,4
237,9,3
237,10,2
237,11,3
237,12,2
237,13,1
237,14,2
237,15,3
237,16,2
237,17,1
237,18,0
237,19,1
237,20,0
238,0,0
238,1,1
238,2,0
238,3,1
238,4,2
238,5,3
238,6,4
238,7,5
238,8,4
238,9,3
238,10,2
238,11,3
238,12,2
238,13,1
238,14,2
238,15,3
238,16,2
238,17,1
238,18,0
238,19,1
238,20,0
239,0,0
239,1,1
239,2,0
239,3,1
239,4,2
239,5,3
239,6,4
239,7,5
239,8,4
239,9,3
239,10,2
239,11,3
239,12,2
239,13,1
239,14,2
239,15,3
239,16,2
239,17,1
239,18,0
239,19,1
239,20,0
240,0,0
240,1,1
240,2,2
240,3,3
240,4,2
240,5,3
240,6,4
240,7,3
240,8,4
240,9,3
240,10,2
240,11,3
240,12,4
240,13,3
240,14,2
240,15,3
240,16,4
240,17,3
240,18,2
240,19,1
240,20,0
241,0,0
241,1,1
241,2,2
241,3,3
241,4,2
241,5,3
241,6,2
241,7,1
241,8,2
241,9,1
241,10,0
241,11,1
241,12,2
241,13,1
241,14,0
241,15,1
241,16,2
241,17,3
241,18,2
241,19,1
241,20,0
242,0,0
242,1,1
242,2,2
242,3,3
242,4,2
242,5,3
242,6,2
242,7,1
242,8,2
242,9,1
242,10,0
242,11,1
242,12,2
242,13,1
242,14,0
242,15,1
242,16,2
242,17,3
242,18,2
242,19,1
242,20,0
243,0,0
243,1,1
243,2,2
243,3,3
243,4,2
243,5,3
243,6,2
243,7,3
243,8,4
243,9,3
243,10,2
243,11,3
243,12,4
243,13,3
243,14,2
243,15,3
243,16,4
243,17,3
243,18,2
243,19,1
243,20,0
244,0,0
244,1,1
244,2,2
244,3,3
244,4,2
244,5,3
244,6,2
244,7,3
244,8,4
244,9,3
244,10,2
244,11,3
244,12,4
244,13,3
244,14,2
244,15,3
244,16,4
244,17,3
244,18,2
244,19,1
244,20,0
245,0,0
245,1,1
245,2,2
245,3,3
245,4,2
245,5,3
245,6,2
245,7,3
245,8,4
245,9,3
245,10,2
245,11,3
245,12,4
245,13,3
245,14,2
245,15,3
245,16,4
245,17,3
245,18,2
245,19,1
245,20,0
246,0,0
246,1,1
246,2,2
246,3,3
246,4,2
246,5,3
246,6,2
246,7,3
246,8,4
246,9,3
246,10,2
246,11,3
246,12,4
246,13,3
246,14,2
246,15,3
246,16,4
246,17,3
246,18,2
246,19,1
246,20,0
247,0,0
247,1,1
247,2,2
247,3,3
247,4,2
247,5,3
247,6,2
247,7,3
247,8,4
247,9,3
247,10,2
247,11,3
247,12,4
247,13,3
247,14,2
247,15,3
247,16,4
247,17,3
247,18,2
247,19,1
247,20,0
248,0,0
248,1,1
248,2,2
248,3,3
248,4,2
248,5,3
248,6,2
248,7,3
248,8,4
248,9,3
248,10,2
248,11,3
248,12,4
248,13,3
248,14,2
248,15,3
248,16,4
248,17,3
248,18,2
248,19,1
248,20,0
249,0,0
249,1,1
249,2,2
249,3,3
249,4,2
249,5,3
249,6,2
249,7,3
249,8,4
249,9,3
249,10,2
249,11,3
249,12,4
249,13,3
249,14,2
249,15,3
249,16,4
249,17,3
249,18,2
249,19,1
249,20,0
250,0,0
250,1,1
250,2,2
250,3,1
250,4,0
250,5,1
250,6,0
250,7,1
250,8,2
250,9,1
250,10,2
250,11,3
250,12,4
250,13,3
250,14,2
250,15,3
250,16,4
250,17,3
250,18,2
250,19,1
250,20,0
251,0,0
251,1,1
251,2,2
251,3,1
251,4,0
251,5,1
251,6,0
251,7,1
251,8,2
251,9,1
251,10,2
251,11,3
251,12,4
251,13,3
251,14,2
251,15,3
251,16,4
251,17,3
251,18,2
251,19,1
251,20,0
252,0,0
252,1,1
252,2,2
252,3,1
252,4,0
252,5,1
252,6,0
252,7,1
252,8,2
252,9,1
252,10,2
252,11,3
252,12,4
252,13,3
252,14,2
252,15,1
252,16,2
252,17,1
252,18,0
252,19,1
252,20,0
253,0,0
253,1,1
253,2,2
253,3,1
253,4,0
253,5,1
253,6,0
253,7,1
253,8,2
253,9,1
253,10,2
253,11,3
253,12,4
253,13,3
253,14,2
253,15,1
253,16,2
253,17,1
253,18,0
253,19,1
253,20,0
254,0,0
254,1,1
254,2,2
254,3,3
254,4,2
254,5,1
254,6,0
254,7,1
254,8,2
254,9,1
254,10,0
254,11,1
254,12,0
254,13,1
254,14,2
254,15,1
254,16,2
254,17,3
254,18,2
254,19,1
254,20,0
255,0,0
255,1,1
255,2,2
255,3,3
255,4,2
255,5,1
255,6,0
255,7,1
255,8,2
255,9,1
255,10,0
255,11,1
255,12,0
255,13,1
255,14,2
255,15,1
255,16,2
255,17,3
255,18,2
255,19,1
255,20,0
256,0,0
256,1,1
256,2,2
256,3,3
256,4,2
256,5,1
256,6,0
256,7,1
256,8,2
256,9,1
256,10,0
256,11,1
256,12,0
256,13,1
256,14,2
256,15,3
256,16,4
256,17,3
256,18,2
256,19,1
256,20,0
257,0,0
257,1,1
257,2,2
257,3,3
257,4,2
257,5,1
257,6,0
257,7,1
257,8,2
257,9,1
257,10,0
257,11,1
257,12,0
257,13,1
257,14,2
257,15,3
257,16,4
257,17,3
257,18,2
257,19,1
257,20,0
258,0,0
258,1,1
258,2,2
258,3,1
258,4,2
258,5,3
258,6,4
258,7,3
258,8,4
258,9,3
258,10,4
258,11,5
258,12,6
258,13,7
258,14,6
258,15,5
258,16,4
258,17,3
258,18,2
258,19,1
258,20,0
259,0,0
259,1,1
259,2,2
259,3,1
259,4,2
259,5,3
259,6,4
259,7,3
259,8,4
259,9,3
259,10,4
259,11,5
259,12,6
259,13,7
259,14,6
259,15,5
259,16,4
259,17,3
259,18,2
259,19,1
259,20,0
260,0,0
260,1,1
260,2,2
260,3,1
260,4,2
260,5,3
260,6,4
260,7,3
260,8,4
260,9,3
260,10,4
260,11,5
260,12,6
260,13,5
260,14,4
260,15,3
260,16,2
260,17,1
260,18,2
260,19,1
260,20,0
261,0,0
261,1,1
261,2,2
261,3,1
261,4,2
261,5,3
261,6,4
261,7,3
261,8,4
261,9,3
261,10,4
261,11,5
261,12,6
261,13,5
261,14,4
261,15,3
261,16,2
261,17,1
261,18,2
261,19,1
261,20,0
262,0,0
262,1,1
262,2,2
262,3,1
262,4,2
262,5,3
262,6,4
262,7,3
262,8,4
262,9,3
262,10,4
262,11,5
262,12,6
262,13,5
262,14,4
262,15,3
262,16,2
262,17,1
262,18,2
262,19,1
262,20,0
263,0,0
263,1,1
263,2,2
263,3,1
263,4,2
263,5,3
263,6,4
263,7,3
263,8,2
263,9,3
263,10,4
263,11,5
263,12,6
263,13,5
263,14,4
263,15,3
263,16,2
263,17,1
263,18,2
263,19,1
263,20,0
264,0,0
264,1,1
264,2,2
264,3,1
264,4,2
264,5,3
264,6,4
264,7,3
264,8,2
264,9,3
264,10,4
264,11,5
264,12,6
264,13,5
264,14,4
264,15,3
264,16,2
264,17,1
264,18,2
264,19,1
264,20,0
265,0,0
265,1,1
265,2,2
265,3,1
265,4,2
265,5,3
265,6,4
265,7,3
265,8,4
265,9,5
265,10,6
265,11,7
265,12,8
265,13,7
265,14,6
265,15,5
265,16,4
265,17,3
265,18,2
265,19,1
265,20,0
266,0,0
266,1,1
266,2,2
266,3,1
266,4,2
266,5,3
266,6,4
266,7,3
266,8,4
266,9,3
266,10,4
266,11,5
266,12,6
266,13,5
266,14,4
266,15,5
266,16,4
266,17,3
266,18,2
266,19,1
266,20,0
267,0,0
267,1,1
267,2,2
267,3,3
267,4,4
267,5,3
267,6,4
267,7,3
267,8,4
267,9,3
267,10,4
267,11,5
267,12,6
267,13,5
267,14,4
267,15,5
267,16,4
267,17,3
267,18,2
267,19,1
267,20,0
268,0,0
268,1,1
268,2,2
268,3,3
268,4,4
268,5,3
268,6,4
268,7,3
268,8,4
268,9,3
268,10,4
268,11,5
268,12,6
268,13,5
268,14,4
268,15,5
268,16,4
268,17,3
268,18,2
268,19,1
268,20,0
269,0,0
269,1,1
269,2,2
269,3,3
269,4,2
269,5,1
269,6,2
269,7,1
269,8,2
269,9,3
269,10,2
269,11,3
269,12,4
269,13,5
269,14,4
269,15,5
269,16,4
269,17,3
269,18,2
269,19,1
269,20,0
270,0,0
270,1,1
270,2,2
270,3,3
270,4,2
270,5,1
270,6,2
270,7,1
270,8,2
270,9,3
270,10,2
270,11,3
270,12,4
270,13,3
270,14,4
270,15,5
270,16,4
270,17,3
270,18,2
270,19,1
270,20,0
271,0,0
271,1,1
271,2,2
271,3,3
271,4,2
271,5,1
271,6,2
271,7,1
271,8,2
271,9,3
271,10,2
271,11,3
271,12,4
271,13,3
271,14,4
271,15,5
271,16,4
271,17,3
271,18,2
271,19,1
271,20,0
272,0,0
272,1,1
272,2,2
272,3,3
272,4,2
272,5,1
272,6,2
272,7,1
272,8,2
272,9,3
272,10,2
272,11,3
272,12,4
272,13,5
272,14,6
272,15,5
272,16,4
272,17,3
272,18,2
272,19,1
272,20,0
273,0,0
273,1,1
273,2,2
273,3,3
273,4,2
273,5,1
273,6,2
273,7,1
273,8,2
273,9,3
273,10,2
273,11,3
273,12,2
273,13,3
273,14,4
273,15,3
273,16,2
273,17,1
273,18,0
273,19,1
273,20,0
274,0,0
274,1,1
274,2,2
274,3,3
274,4,2
274,5,1
274,6,2
274,7,1
274,8,2
274,9,3
274,10,2
274,11,1
274,12,0
274,13,1
274,14,2
274,15,1
274,16,0
274,17,1
274,18,0
274,19,1
274,20,0
275,0,0
275,1,1
275,2,2
275,3,3
275,4,2
275,5,1
275,6,2
275,7,1
275,8,2
275,9,3
275,10,2
275,11,1
275,12,0
275,13,1
275,14,2
275,15,1
275,16,0
275,17,1
275,18,0
275,19,1
275,20,0
276,0,0
276,1,1
276,2,2
276,3,3
276,4,2
276,5,1
276,6,2
276,7,1
276,8,2
276,9,3
276,10,2
276,11,1
276,12,0
276,13,1
276,14,2
276,15,1
276,16,0
276,17,1
276,18,0
276,19,1
276,20,0
277,0,0
277,1,1
277,2,2
277,3,3
277,4,2
277,5,1
277,6,2
277,7,1
277,8,2
277,9,3
277,10,2
277,11,1
277,12,0
277,13,1
277,14,2
277,15,1
277,16,0
277,17,1
277,18,0
277,19,1
277,20,0
278,0,0
278,1,1
278,2,2
278,3,3
278,4,2
278,5,1
278,6,2
278,7,1
278,8,2
278,9,3
278,10,2
278,11,1
278,12,0
278,13,1
278,14,2
278,15,1
278,16,0
278,17,1
278,18,0
278,19,1
278,20,0
279,0,0
279,1,1
279,2,2
279,3,3
279,4,2
279,5,1
279,6,2
279,7,3
279,8,4
279,9,3
279,10,2
279,11,1
279,12,0
279,13,1
279,14,2
279,15,1
279,16,0
279,17,1
279,18,0
279,19,1
279,20,0
280,0,0
280,1,1
280,2,2
280,3,3
280,4,2
280,5,1
280,6,2
280,7,3
280,8,4
280,9,3
280,10,2
280,11,1
280,12,0
280,13,1
280,14,2
280,15,1
280,16,0
280,17,1
280,18,0
280,19,1
280,20,0
281,0,0
281,1,1
281,2,2
281,3,3
281,4,2
281,5,1
281,6,2
281,7,3
281,8,4
281,9,3
281,10,2
281,11,1
281,12,0
281,13,1
281,14,2
281,15,1
281,16,0
281,17,1
281,18,0
281,19,1
281,20,0
282,0,0
282,1,1
282,2,2
282,3,3
282,4,2
282,5,1
282,6,2
282,7,3
282,8,4
282,9,3
282,10,2
282,11,1
282,12,0
282,13,1
282,14,2
282,15,1
282,16,0
282,17,1
282,18,0
282,19,1
282,20,0
283,0,0
283,1,1
283,2,2
283,3,3
283,4,2
283,5,1
283,6,2
283,7,3
283,8,4
283,9,3
283,10,2
283,11,1
283,12,0
283,13,1
283,14,2
283,15,1
283,16,0
283,17,1
283,18,0
283,19,1
283,20,0
284,0,0
284,1,1
284,2,2
284,3,3
284,4,2
284,5,1
284,6,2
284,7,3
284,8,4
284,9,3
284,10,2
284,11,1
284,12,0
284,13,1
284,14,2
284,15,1
284,16,0
284,17,1
284,18,0
284,19,1
284,20,0
285,0,0
285,1,1
285,2,2
285,3,3
285,4,2
285,5,1
285,6,2
285,7,3
285,8,4
285,9,3
285,10,2
285,11,1
285,12,0
285,13,1
285,14,2
285,15,1
285,16,0
285,17,1
285,18,0
285,19,1
285,20,0
286,0,0
286,1,1
286,2,0
286,3,1
286,4,0
286,5,1
286,6,2
286,7,3
286,8,4
286,9,3
286,10,2
286,11,1
286,12,0
286,13,1
286,14,2
286,15,1
286,16,0
286,17,1
286,18,0
286,19,1
286,20,0
287,0,0
287,1,1
287,2,2
287,3,3
287,4,2
287,5,3
287,6,4
287,7,3
287,8,4
287,9,3
287,10,2
287,11,1
287,12,0
287,13,1
287,14,2
287,15,1
287,16,0
287,17,1
287,18,0
287,19,1
287,20,0
288,0,0
288,1,1
288,2,2
288,3,3
288,4,2
288,5,3
288,6,4
288,7,5
288,8,4
288,9,3
288,10,2
288,11,1
288,12,0
288,13,1
288,14,2
288,15,1
288,16,0
288,17,1
288,18,0
288,19,1
288,20,0
289,0,0
289,1,1
289,2,2
289,3,1
289,4,0
289,5,1
289,6,2
289,7,3
289,8,2
289,9,1
289,10,0
289,11,1
289,12,0
289,13,1
289,14,2
289,15,3
289,16,2
289,17,3
289,18,2
289,19,1
289,20,0
290,0,0
290,1,1
290,2,2
290,3,1
290,4,0
290,5,1
290,6,0
290,7,1
290,8,0
290,9,1
290,10,0
290,11,1
290,12,0
290,13,1
290,14,2
290,15,3
290,16,2
290,17,3
290,18,2
290,19,1
290,20,0
291,0,0
291,1,1
291,2,2
291,3,1
291,4,2
291,5,1
291,6,0
291,7,1
291,8,0
291,9,1
291,10,2
291,11,1
291,12,0
291,13,1
291,14,2
291,15,3
291,16,2
291,17,3
291,18,2
291,19,1
291,20,0
292,0,0
292,1,1
292,2,2
292,3,1
292,4,2
292,5,1
292,6,0
292,7,1
292,8,0
292,9,1
292,10,2
292,11,1
292,12,0
292,13,1
292,14,2
292,15,3
292,16,2
292,17,3
292,18,2
292,19,1
292,20,0
293,0,0
293,1,1
293,2,2
293,3,1
293,4,2
293,5,1
293,6,0
293,7,1
293,8,0
293,9,1
293,10,2
293,11,1
293,12,0
293,13,1
293,14,2
293,15,3
293,16,2
293,17,3
293,18,2
293,19,1
293,20,0
294,0,0
294,1,1
294,2,2
294,3,1
294,4,2
294,5,3
294,6,2
294,7,3
294,8,2
294,9,3
294,10,4
294,11,3
294,12,2
294,13,3
294,14,4
294,15,3
294,16,2
294,17,3
294,18,2
294,19,1
294,20,0
295,0,0
295,1,1
295,2,2
295,3,1
295,4,2
295,5,3
295,6,2
295,7,3
295,8,2
295,9,3
295,10,4
295,11,5
295,12,4
295,13,5
295,14,6
295,15,5
295,16,4
295,17,3
295,18,2
295,19,1
295,20,0
296,0,0
296,1,1
296,2,2
296,3,1
296,4,2
296,5,3
296,6,2
296,7,3
296,8,2
296,9,3
296,10,4
296,11,5
296,12,4
296,13,5
296,14,6
296,15,5
296,16,4
296,17,3
296,18,2
296,19,1
296,20,0
297,0,0
297,1,1
297,2,2
297,3,1
297,4,2
297,5,3
297,6,2
297,7,3
297,8,2
297,9,3
297,10,4
297,11,5
297,12,4
297,13,5
297,14,6
297,15,5
297,16,4
297,17,3
297,18,2
297,19,1
297,20,0
298,0,0
298,1,1
298,2,2
298,3,1
298,4,2
298,5,3
298,6,2
298,7,3
298,8,2
298,9,3
298,10,2
298,11,3
298,12,2
298,13,3
298,14,4
298,15,3
298,16,2
298,17,3
298,18,2
298,19,1
298,20,0
299,0,0
299,1,1
299,2,2
299,3,1
299,4,2
299,5,3
299,6,2
299,7,3
299,8,2
299,9,3
299,10,4
299,11,3
299,12,2
299,13,3
299,14,4
299,15,3
299,16,2
299,17,3
299,18,2
299,19,1
299,20,0
300,0,0
300,1,1
300,2,2
300,3,1
300,4,2
300,5,3
300,6,2
300,7,3
300,8,2
300,9,3
300,10,4
300,11,3
300,12,2
300,13,3
300,14,4
300,15,3
300,16,2
300,17,3
300,18,2
300,19,1
300,20,0
301,0,0
301,1,1
301,2,2
301,3,1
301,4,2
301,5,3
301,6,2
301,7,3
301,8,2
301,9,3
301,10,2
301,11,1
301,12,0
301,13,1
301,14,2
301,15,1
301,16,0
301,17,1
301,18,2
301,19,1
301,20,0
302,0,0
302,1,1
302,2,2
302,3,1
302,4,2
302,5,1
302,6,0
302,7,1
302,8,0
302,9,1
302,10,2
302,11,1
302,12,0
302,13,1
302,14,2
302,15,3
302,16,2
302,17,1
302,18,2
302,19,1
302,20,0
303,0,0
303,1,1
303,2,2
303,3,1
303,4,2
303,5,1
303,6,0
303,7,1
303,8,0
303,9,1
303,10,2
303,11,1
303,12,0
303,13,1
303,14,2
303,15,3
303,16,2
303,17,1
303,18,2
303,19,1
303,20,0
304,0,0
304,1,1
304,2,2
304,3,1
304,4,2
304,5,1
304,6,0
304,7,1
304,8,0
304,9,1
304,10,2
304,11,1
304,12,0
304,13,1
304,14,2
304,15,3
304,16,2
304,17,1
304,18,2
304,19,1
304,20,0
305,0,0
305,1,1
305,2,0
305,3,1
305,4,2
305,5,1
305,6,2
305,7,3
305,8,4
305,9,3
305,10,2
305,11,3
305,12,4
305,13,3
305,14,2
305,15,3
305,16,4
305,17,3
305,18,2
305,19,1
305,20,0
306,0,0
306,1,1
306,2,0
306,3,1
306,4,2
306,5,1
306,6,2
306,7,3
306,8,4
306,9,3
306,10,2
306,11,3
306,12,4
306,13,3
306,14,2
306,15,3
306,16,4
306,17,3
306,18,2
306,19,1
306,20,0
307,0,0
307,1,1
307,2,0
307,3,1
307,4,2
307,5,1
307,6,2
307,7,3
307,8,4
307,9,3
307,10,2
307,11,3
307,12,4
307,13,3
307,14,2
307,15,3
307,16,4
307,17,3
307,18,2
307,19,1
307,20,0
308,0,0
308,1,1
308,2,0
308,3,1
308,4,0
308,5,1
308,6,2
308,7,3
308,8,4
308,9,3
308,10,2
308,11,1
308,12,2
308,13,1
308,14,0
308,15,1
308,16,2
308,17,1
308,18,0
308,19,1
308,20,0
309,0,0
309,1,1
309,2,0
309,3,1
309,4,0
309,5,1
309,6,2
309,7,3
309,8,4
309,9,3
309,10,2
309,11,1
309,12,2
309,13,1
309,14,0
309,15,1
309,16,2
309,17,1
309,18,0
309,19,1
309,20,0
310,0,0
310,1,1
310,2,0
310,3,1
310,4,0
310,5,1
310,6,2
310,7,3
310,8,4
310,9,3
310,10,2
310,11,1
310,12,2
310,13,1
310,14,0
310,15,1
310,16,2
310,17,1
310,18,0
310,19,1
310,20,0
311,0,0
311,1,1
311,2,0
311,3,1
311,4,0
311,5,1
311,6,2
311,7,3
311,8,4
311,9,3
311,10,2
311,11,1
311,12,2
311,13,1
311,14,0
311,15,1
311,16,2
311,17,1
311,18,0
311,19,1
311,20,0
312,0,0
312,1,1
312,2,0
312,3,1
312,4,0
312,5,1
312,6,2
312,7,3
312,8,4
312,9,3
312,10,2
312,11,1
312,12,2
312,13,1
312,14,0
312,15,1
312,16,2
312,17,1
312,18,0
312,19,1
312,20,0
313,0,0
313,1,1
313,2,0
313,3,1
313,4,0
313,5,1
313,6,2
313,7,3
313,8,4
313,9,3
313,10,4
313,11,3
313,12,2
313,13,1
313,14,0
313,15,1
313,16,2
313,17,1
313,18,0
313,19,1
313,20,0
314,0,0
314,1,1
314,2,0
314,3,1
314,4,0
314,5,1
314,6,2
314,7,3
314,8,4
314,9,3
314,10,4
314,11,3
314,12,2
314,13,1
314,14,0
314,15,1
314,16,2
314,17,1
314,18,0
314,19,1
314,20,0
315,0,0
315,1,1
315,2,0
315,3,1
315,4,0
315,5,1
315,6,2
315,7,3
315,8,4
315,9,3
315,10,4
315,11,3
315,12,2
315,13,1
315,14,0
315,15,1
315,16,2
315,17,1
315,18,0
315,19,1
315,20,0
316,0,0
316,1,1
316,2,0
316,3,1
316,4,0
316,5,1
316,6,2
316,7,3
316,8,4
316,9,3
316,10,4
316,11,3
316,12,2
316,13,1
316,14,0
316,15,1
316,16,2
316,17,1
316,18,0
316,19,1
316,20,0
317,0,0
317,1,1
317,2,0
317,3,1
317,4,0
317,5,1
317,6,2
317,7,3
317,8,4
317,9,3
317,10,4
317,11,3
317,12,2
317,13,1
317,14,0
317,15,1
317,16,2
317,17,1
317,18,0
317,19,1
317,20,0
318,0,0
318,1,1
318,2,0
318,3,1
318,4,0
318,5,1
318,6,2
318,7,3
318,8,4
318,9,3
318,10,4
318,11,3
318,12,2
318,13,1
318,14,0
318,15,1
318,16,2
318,17,1
318,18,0
318,19,1
318,20,0
319,0,0
319,1,1
319,2,0
319,3,1
319,4,0
319,5,1
319,6,2
319,7,3
319,8,4
319,9,3
319,10,2
319,11,1
319,12,0
319,13,1
319,14,0
319,15,1
319,16,2
319,17,1
319,18,0
319,19,1
319,20,0
320,0,0
320,1,1
320,2,0
320,3,1
320,4,0
320,5,1
320,6,2
320,7,3
320,8,4
320,9,3
320,10,2
320,11,1
320,12,0
320,13,1
320,14,0
320,15,1
320,16,2
320,17,1
320,18,0
320,19,1
320,20,0
321,0,0
321,1,1
321,2,0
321,3,1
321,4,0
321,5,1
321,6,2
321,7,3
321,8,4
321,9,3
321,10,2
321,11,1
321,12,0
321,13,1
321,14,0
321,15,1
321,16,2
321,17,1
321,18,0
321,19,1
321,20,0
322,0,0
322,1,1
322,2,2
322,3,3
322,4,2
322,5,3
322,6,4
322,7,5
322,8,6
322,9,5
322,10,4
322,11,3
322,12,2
322,13,3
322,14,2
322,15,3
322,16,4
322,17,3
322,18,2
322,19,1
322,20,0
323,0,0
323,1,1
323,2,2
323,3,3
323,4,2
323,5,3
323,6,4
323,7,5
323,8,6
323,9,5
323,10,4
323,11,3
323,12,2
323,13,1
323,14,0
323,15,1
323,16,2
323,17,1
323,18,2
323,19,1
323,20,0
324,0,0
324,1,1
324,2,2
324,3,3
324,4,2
324,5,3
324,6,4
324,7,5
324,8,4
324,9,3
324,10,2
324,11,1
324,12,0
324,13,1
324,14,0
324,15,1
324,16,2
324,17,1
324,18,2
324,19,1
324,20,0
325,0,0
325,1,1
325,2,2
325,3,3
325,4,2
325,5,3
325,6,4
325,7,5
325,8,4
325,9,3
325,10,2
325,11,1
325,12,0
325,13,1
325,14,0
325,15,1
325,16,2
325,17,1
325,18,2
325,19,1
325,20,0
326,0,0
326,1,1
326,2,2
326,3,3
326,4,2
326,5,3
326,6,4
326,7,5
326,8,4
326,9,3
326,10,2
326,11,1
326,12,0
326,13,1
326,14,0
326,15,1
326,16,2
326,17,1
326,18,2
326,19,1
326,20,0
327,0,0
327,1,1
327,2,2
327,3,3
327,4,2
327,5,3
327,6,2
327,7,3
327,8,2
327,9,1
327,10,2
327,11,1
327,12,0
327,13,1
327,14,0
327,15,1
327,16,2
327,17,1
327,18,2
327,19,1
327,20,0
328,0,0
328,1,1
328,2,2
328,3,3
328,4,2
328,5,3
328,6,2
328,7,3
328,8,2
328,9,1
328,10,2
328,11,1
328,12,0
328,13,1
328,14,0
328,15,1
328,16,2
328,17,1
328,18,2
328,19,1
328,20,0
329,0,0
329,1,1
329,2,2
329,3,3
329,4,2
329,5,3
329,6,2
329,7,3
329,8,2
329,9,1
329,10,2
329,11,1
329,12,0
329,13,1
329,14,0
329,15,1
329,16,2
329,17,1
329,18,2
329,19,1
329,20,0
330,0,0
330,1,1
330,2,0
330,3,1
330,4,0
330,5,1
330,6,2
330,7,1
330,8,2
330,9,1
330,10,2
330,11,3
330,12,2
330,13,3
330,14,2
330,15,1
330,16,2
330,17,1
330,18,0
330,19,1
330,20,0
331,0,0
331,1,1
331,2,2
331,3,3
331,4,4
331,5,3
331,6,4
331,7,5
331,8,4
331,9,3
331,10,4
331,11,3
331,12,2
331,13,1
331,14,0
331,15,1
331,16,0
331,17,1
331,18,2
331,19,1
331,20,0
332,0,0
332,1,1
332,2,2
332,3,3
332,4,4
332,5,3
332,6,4
332,7,5
332,8,4
332,9,3
332,10,4
332,11,3
332,12,2
332,13,1
332,14,0
332,15,1
332,16,0
332,17,1
332,18,0
332,19,1
332,20,0
333,0,0
333,1,1
333,2,2
333,3,3
333,4,4
333,5,3
333,6,4
333,7,5
333,8,4
333,9,3
333,10,4
333,11,3
333,12,2
333,13,1
333,14,0
333,15,1
333,16,0
333,17,1
333,18,0
333,19,1
333,20,0
334,0,0
334,1,1
334,2,2
334,3,3
334,4,4
334,5,3
334,6,4
334,7,5
334,8,4
334,9,3
334,10,4
334,11,3
334,12,2
334,13,1
334,14,0
334,15,1
334,16,0
334,17,1
334,18,0
334,19,1
334,20,0
335,0,0
335,1,1
335,2,0
335,3,1
335,4,2
335,5,3
335,6,2
335,7,1
335,8,2
335,9,1
335,10,2
335,11,3
335,12,4
335,13,3
335,14,4
335,15,3
335,16,2
335,17,1
335,18,0
335,19,1
335,20,0
336,0,0
336,1,1
336,2,0
336,3,1
336,4,2
336,5,3
336,6,2
336,7,1
336,8,2
336,9,1
336,10,2
336,11,3
336,12,4
336,13,5
336,14,6
336,15,5
336,16,4
336,17,3
336,18,2
336,19,1
336,20,0
337,0,0
337,1,1
337,2,0
337,3,1
337,4,2
337,5,3
337,6,2
337,7,1
337,8,2
337,9,1
337,10,2
337,11,3
337,12,4
337,13,5
337,14,6
337,15,5
337,16,4
337,17,3
337,18,2
337,19,1
337,20,0
338,0,0
338,1,1
338,2,0
338,3,1
338,4,2
338,5,3
338,6,2
338,7,1
338,8,2
338,9,1
338,10,2
338,11,3
338,12,4
338,13,5
338,14,6
338,15,5
338,16,4
338,17,3
338,18,2
338,19,1
338,20,0
339,0,0
339,1,1
339,2,0
339,3,1
339,4,2
339,5,3
339,6,2
339,7,1
339,8,2
339,9,1
339,10,2
339,11,3
339,12,4
339,13,5
339,14,6
339,15,5
339,16,4
339,17,3
339,18,2
339,19,1
339,20,0
340,0,0
340,1,1
340,2,2
340,3,3
340,4,2
340,5,3
340,6,2
340,7,1
340,8,2
340,9,1
340,10,2
340,11,3
340,12,4
340,13,5
340,14,6
340,15,5
340,16,4
340,17,3
340,18,2
340,19,1
340,20,0
341,0,0
341,1,1
341,2,2
341,3,3
341,4,2
341,5,3
341,6,2
341,7,1
341,8,2
341,9,1
341,10,2
341,11,3
341,12,4
341,13,5
341,14,6
341,15,5
341,16,4
341,17,3
341,18,2
341,19,1
341,20,0
342,0,0
342,1,1
342,2,2
342,3,3
342,4,2
342,5,3
342,6,2
342,7,1
342,8,2
342,9,1
342,10,2
342,11,3
342,12,4
342,13,5
342,14,6
342,15,5
342,16,4
342,17,3
342,18,2
342,19,1
342,20,0
343,0,0
343,1,1
343,2,2
343,3,3
343,4,2
343,5,3
343,6,2
343,7,1
343,8,2
343,9,1
343,10,2
343,11,3
343,12,4
343,13,5
343,14,4
343,15,5
343,16,4
343,17,3
343,18,2
343,19,1
343,20,0
344,0,0
344,1,1
344,2,2
344,3,3
344,4,2
344,5,3
344,6,2
344,7,1
344,8,2
344,9,1
344,10,2
344,11,3
344,12,4
344,13,5
344,14,4
344,15,5
344,16,4
344,17,3
344,18,2
344,19,1
344,20,0
345,0,0
345,1,1
345,2,2
345,3,3
345,4,2
345,5,3
345,6,2
345,7,1
345,8,2
345,9,1
345,10,2
345,11,3
345,12,4
345,13,5
345,14,4
345,15,5
345,16,4
345,17,3
345,18,2
345,19,1
345,20,0
346,0,0
346,1,1
346,2,2
346,3,3
346,4,2
346,5,3
346,6,2
346,7,1
346,8,2
346,9,1
346,10,2
346,11,3
346,12,4
346,13,5
346,14,4
346,15,5
346,16,4
346,17,3
346,18,2
346,19,1
346,20,0
347,0,0
347,1,1
347,2,2
347,3,3
347,4,2
347,5,3
347,6,2
347,7,1
347,8,2
347,9,1
347,10,2
347,11,3
347,12,4
347,13,5
347,14,4
347,15,5
347,16,4
347,17,3
347,18,2
347,19,1
347,20,0
348,0,0
348,1,1
348,2,2
348,3,3
348,4,4
348,5,5
348,6,4
348,7,3
348,8,4
348,9,3
348,10,2
348,11,3
348,12,4
348,13,5
348,14,4
348,15,5
348,16,4
348,17,3
348,18,2
348,19,1
348,20,0
349,0,0
349,1,1
349,2,2
349,3,3
349,4,4
349,5,5
349,6,4
349,7,3
349,8,4
349,9,3
349,10,2
349,11,3
349,12,4
349,13,5
349,14,4
349,15,5
349,16,4
349,17,3
349,18,2
349,19,1
349,20,0
350,0,0
350,1,1
350,2,2
350,3,3
350,4,4
350,5,5
350,6,6
350,7,5
350,8,4
350,9,3
350,10,2
350,11,3
350,12,4
350,13,5
350,14,4
350,15,5
350,16,4
350,17,3
350,18,2
350,19,1
350,20,0
351,0,0
351,1,1
351,2,2
351,3,3
351,4,4
351,5,5
351,6,6
351,7,5
351,8,4
351,9,5
351,10,4
351,11,5
351,12,6
351,13,5
351,14,4
351,15,5
351,16,4
351,17,3
351,18,2
351,19,1
351,20,0
352,0,0
352,1,1
352,2,2
352,3,3
352,4,4
352,5,5
352,6,6
352,7,5
352,8,6
352,9,7
352,10,6
352,11,5
352,12,6
352,13,5
352,14,4
352,15,5
352,16,4
352,17,3
352,18,2
352,19,1
352,20,0
353,0,0
353,1,1
353,2,2
353,3,3
353,4,4
353,5,5
353,6,4
353,7,3
353,8,2
353,9,3
353,10,4
353,11,3
353,12,2
353,13,1
353,14,2
353,15,3
353,16,2
353,17,1
353,18,2
353,19,1
353,20,0
354,0,0
354,1,1
354,2,2
354,3,3
354,4,4
354,5,5
354,6,6
354,7,5
354,8,4
354,9,3
354,10,4
354,11,3
354,12,2
354,13,1
354,14,2
354,15,3
354,16,2
354,17,1
354,18,2
354,19,1
354,20,0
355,0,0
355,1,1
355,2,2
355,3,3
355,4,4
355,5,5
355,6,6
355,7,5
355,8,4
355,9,3
355,10,4
355,11,3
355,12,2
355,13,1
355,14,2
355,15,3
355,16,2
355,17,1
355,18,2
355,19,1
355,20,0
356,0,0
356,1,1
356,2,2
356,3,1
356,4,0
356,5,1
356,6,2
356,7,3
356,8,2
356,9,3
356,10,4
356,11,3
356,12,2
356,13,3
356,14,4
356,15,5
356,16,4
356,17,3
356,18,2
356,19,1
356,20,0
357,0,0
357,1,1
357,2,2
357,3,1
357,4,0
357,5,1
357,6,2
357,7,3
357,8,2
357,9,3
357,10,4
357,11,3
357,12,2
357,13,3
357,14,4
357,15,5
357,16,4
357,17,3
357,18,2
357,19,1
357,20,0
358,0,0
358,1,1
358,2,2
358,3,1
358,4,0
358,5,1
358,6,2
358,7,3
358,8,2
358,9,3
358,10,4
358,11,3
358,12,2
358,13,3
358,14,4
358,15,5
358,16,4
358,17,3
358,18,2
358,19,1
358,20,0
359,0,0
359,1,1
359,2,2
359,3,1
359,4,2
359,5,3
359,6,4
359,7,5
359,8,4
359,9,3
359,10,4
359,11,3
359,12,2
359,13,3
359,14,4
359,15,5
359,16,4
359,17,3
359,18,2
359,19,1
359,20,0
360,0,0
360,1,1
360,2,2
360,3,1
360,4,2
360,5,3
360,6,4
360,7,5
360,8,4
360,9,3
360,10,2
360,11,1
360,12,0
360,13,1
360,14,2
360,15,3
360,16,2
360,17,3
360,18,2
360,19,1
360,20,0
361,0,0
361,1,1
361,2,2
361,3,1
361,4,2
361,5,3
361,6,4
361,7,5
361,8,4
361,9,3
361,10,2
361,11,1
361,12,0
361,13,1
361,14,2
361,15,3
361,16,2
361,17,3
361,18,2
361,19,1
361,20,0
362,0,0
362,1,1
362,2,2
362,3,1
362,4,2
362,5,3
362,6,4
362,7,5
362,8,4
362,9,3
362,10,2
362,11,1
362,12,0
362,13,1
362,14,2
362,15,3
362,16,2
362,17,3
362,18,2
362,19,1
362,20,0
363,0,0
363,1,1
363,2,2
363,3,3
363,4,2
363,5,3
363,6,2
363,7,3
363,8,2
363,9,3
363,10,2
363,11,1
363,12,2
363,13,3
363,14,4
363,15,3
363,16,4
363,17,3
363,18,2
363,19,1
363,20,0
364,0,0
364,1,1
364,2,2
364,3,3
364,4,2
364,5,3
364,6,2
364,7,3
364,8,2
364,9,3
364,10,2
364,11,1
364,12,2
364,13,3
364,14,4
364,15,3
364,16,4
364,17,3
364,18,2
364,19,1
364,20,0
365,0,0
365,1,1
365,2,2
365,3,1
365,4,2
365,5,1
365,6,2
365,7,1
365,8,0
365,9,1
365,10,2
365,11,3
365,12,4
365,13,3
365,14,2
365,15,1
365,16,2
365,17,1
365,18,0
365,19,1
365,20,0
366,0,0
366,1,1
366,2,2
366,3,1
366,4,2
366,5,1
366,6,2
366,7,1
366,8,0
366,9,1
366,10,2
366,11,3
366,12,2
366,13,1
366,14,0
366,15,1
366,16,2
366,17,1
366,18,0
366,19,1
366,20,0
367,0,0
367,1,1
367,2,2
367,3,1
367,4,2
367,5,1
367,6,2
367,7,1
367,8,2
367,9,3
367,10,2
367,11,3
367,12,2
367,13,1
367,14,0
367,15,1
367,16,2
367,17,1
367,18,0
367,19,1
367,20,0
368,0,0
368,1,1
368,2,0
368,3,1
368,4,2
368,5,1
368,6,2
368,7,3
368,8,2
368,9,1
368,10,2
368,11,3
368,12,2
368,13,1
368,14,2
368,15,3
368,16,2
368,17,1
368,18,2
368,19,1
368,20,0
369,0,0
369,1,1
369,2,0
369,3,1
369,4,2
369,5,1
369,6,2
369,7,3
369,8,2
369,9,1
369,10,2
369,11,3
369,12,2
369,13,1
369,14,2
369,15,3
369,16,2
369,17,1
369,18,2
369,19,1
369,20,0
370,0,0
370,1,1
370,2,0
370,3,1
370,4,2
370,5,1
370,6,2
370,7,3
370,8,2
370,9,1
370,10,2
370,11,3
370,12,2
370,13,1
370,14,2
370,15,3
370,16,2
370,17,1
370,18,2
370,19,1
370,20,0
371,0,0
371,1,1
371,2,0
371,3,1
371,4,0
371,5,1
371,6,2
371,7,3
371,8,4
371,9,3
371,10,4
371,11,5
371,12,4
371,13,3
371,14,4
371,15,5
371,16,4
371,17,3
371,18,2
371,19,1
371,20,0
372,0,0
372,1,1
372,2,0
372,3,1
372,4,0
372,5,1
372,6,2
372,7,3
372,8,4
372,9,3
372,10,4
372,11,3
372,12,2
372,13,1
372,14,2
372,15,3
372,16,4
372,17,3
372,18,2
372,19,1
372,20,0
373,0,0
373,1,1
373,2,2
373,3,3
373,4,2
373,5,1
373,6,0
373,7,1
373,8,2
373,9,3
373,10,4
373,11,3
373,12,4
373,13,5
373,14,4
373,15,3
373,16,2
373,17,3
373,18,2
373,19,1
373,20,0
374,0,0
374,1,1
374,2,2
374,3,3
374,4,2
374,5,1
374,6,0
374,7,1
374,8,2
374,9,3
374,10,4
374,11,3
374,12,4
374,13,5
374,14,4
374,15,3
374,16,2
374,17,3
374,18,2
374,19,1
374,20,0
375,0,0
375,1,1
375,2,2
375,3,3
375,4,2
375,5,1
375,6,0
375,7,1
375,8,2
375,9,3
375,10,4
375,11,3
375,12,4
375,13,5
375,14,4
375,15,3
375,16,2
375,17,3
375,18,2
375,19,1
375,20,0
376,0,0
376,1,1
376,2,2
376,3,3
376,4,2
376,5,1
376,6,0
376,7,1
376,8,2
376,9,3
376,10,4
376,11,3
376,12,4
376,13,5
376,14,4
376,15,3
376,16,2
376,17,3
376,18,2
376,19,1
376,20,0
377,0,0
377,1,1
377,2,0
377,3,1
377,4,2
377,5,1
377,6,0
377,7,1
377,8,0
377,9,1
377,10,2
377,11,1
377,12,2
377,13,3
377,14,2
377,15,3
377,16,2
377,17,3
377,18,2
377,19,1
377,20,0
378,0,0
378,1,1
378,2,0
378,3,1
378,4,2
378,5,1
378,6,0
378,7,1
378,8,0
378,9,1
378,10,2
378,11,1
378,12,2
378,13,3
378,14,2
378,15,3
378,16,2
378,17,3
378,18,2
378,19,1
378,20,0
379,0,0
379,1,1
379,2,0
379,3,1
379,4,2
379,5,3
379,6,2
379,7,1
379,8,0
379,9,1
379,10,2
379,11,1
379,12,2
379,13,3
379,14,2
379,15,3
379,16,4
379,17,3
379,18,2
379,19,1
379,20,0
380,0,0
380,1,1
380,2,0
380,3,1
380,4,2
380,5,3
380,6,2
380,7,1
380,8,0
380,9,1
380,10,2
380,11,1
380,12,2
380,13,3
380,14,2
380,15,3
380,16,4
380,17,3
380,18,2
380,19,1
380,20,0
381,0,0
381,1,1
381,2,0
381,3,1
381,4,2
381,5,3
381,6,2
381,7,3
381,8,2
381,9,3
381,10,4
381,11,3
381,12,4
381,13,5
381,14,4
381,15,5
381,16,4
381,17,3
381,18,2
381,19,1
381,20,0
382,0,0
382,1,1
382,2,0
382,3,1
382,4,2
382,5,1
382,6,2
382,7,3
382,8,2
382,9,3
382,10,4
382,11,3
382,12,4
382,13,5
382,14,4
382,15,5
382,16,4
382,17,3
382,18,2
382,19,1
382,20,0
383,0,0
383,1,1
383,2,0
383,3,1
383,4,2
383,5,1
383,6,2
383,7,3
383,8,2
383,9,3
383,10,4
383,11,3
383,12,4
383,13,3
383,14,2
383,15,3
383,16,2
383,17,1
383,18,0
383,19,1
383,20,0
384,0,0
384,1,1
384,2,0
384,3,1
384,4,2
384,5,3
384,6,2
384,7,1
384,8,2
384,9,3
384,10,4
384,11,5
384,12,4
384,13,3
384,14,2
384,15,1
384,16,2
384,17,3
384,18,2
384,19,1
384,20,0
385,0,0
385,1,1
385,2,0
385,3,1
385,4,2
385,5,3
385,6,2
385,7,1
385,8,2
385,9,3
385,10,4
385,11,5
385,12,6
385,13,5
385,14,4
385,15,3
385,16,2
385,17,3
385,18,2
385,19,1
385,20,0
386,0,0
386,1,1
386,2,0
386,3,1
386,4,2
386,5,3
386,6,2
386,7,1
386,8,2
386,9,3
386,10,2
386,11,3
386,12,4
386,13,3
386,14,2
386,15,3
386,16,2
386,17,3
386,18,2
386,19,1
386,20,0
387,0,0
387,1,1
387,2,0
387,3,1
387,4,2
387,5,3
387,6,2
387,7,1
387,8,0
387,9,1
387,10,0
387,11,1
387,12,2
387,13,1
387,14,0
387,15,1
387,16,0
387,17,1
387,18,2
387,19,1
387,20,0
388,0,0
388,1,1
388,2,0
388,3,1
388,4,2
388,5,3
388,6,2
388,7,1
388,8,0
388,9,1
388,10,0
388,11,1
388,12,2
388,13,1
388,14,0
388,15,1
388,16,0
388,17,1
388,18,2
388,19,1
388,20,0
389,0,0
389,1,1
389,2,0
389,3,1
389,4,2
389,5,3
389,6,4
389,7,3
389,8,2
389,9,3
389,10,2
389,11,3
389,12,4
389,13,3
389,14,2
389,15,3
389,16,2
389,17,1
389,18,2
389,19,1
389,20,0
390,0,0
390,1,1
390,2,0
390,3,1
390,4,2
390,5,3
390,6,4
390,7,3
390,8,2
390,9,3
390,10,2
390,11,3
390,12,4
390,13,3
390,14,2
390,15,3
390,16,2
390,17,1
390,18,2
390,19,1
390,20,0
391,0,0
391,1,1
391,2,2
391,3,3
391,4,4
391,5,5
391,6,4
391,7,3
391,8,2
391,9,3
391,10,2
391,11,3
391,12,4
391,13,3
391,14,2
391,15,3
391,16,2
391,17,1
391,18,2
391,19,1
391,20,0
392,0,0
392,1,1
392,2,2
392,3,3
392,4,4
392,5,3
392,6,2
392,7,1
392,8,0
392,9,1
392,10,0
392,11,1
392,12,2
392,13,1
392,14,0
392,15,1
392,16,2
392,17,1
392,18,2
392,19,1
392,20,0
393,0,0
393,1,1
393,2,2
393,3,3
393,4,4
393,5,3
393,6,2
393,7,1
393,8,0
393,9,1
393,10,0
393,11,1
393,12,2
393,13,1
393,14,0
393,15,1
393,16,2
393,17,1
393,18,2
393,19,1
393,20,0
394,0,0
394,1,1
394,2,2
394,3,3
394,4,4
394,5,3
394,6,4
394,7,3
394,8,4
394,9,5
394,10,4
394,11,5
394,12,4
394,13,3
394,14,2
394,15,3
394,16,2
394,17,3
394,18,2
394,19,1
394,20,0
395,0,0
395,1,1
395,2,2
395,3,3
395,4,4
395,5,3
395,6,4
395,7,3
395,8,4
395,9,5
395,10,4
395,11,3
395,12,2
395,13,3
395,14,2
395,15,3
395,16,2
395,17,3
395,18,2
395,19,1
395,20,0
396,0,0
396,1,1
396,2,2
396,3,3
396,4,4
396,5,3
396,6,4
396,7,3
396,8,4
396,9,5
396,10,4
396,11,3
396,12,2
396,13,3
396,14,2
396,15,3
396,16,2
396,17,1
396,18,0
396,19,1
396,20,0
397,0,0
397,1,1
397,2,2
397,3,1
397,4,2
397,5,1
397,6,2
397,7,1
397,8,2
397,9,3
397,10,2
397,11,1
397,12,0
397,13,1
397,14,0
397,15,1
397,16,0
397,17,1
397,18,0
397,19,1
397,20,0
398,0,0
398,1,1
398,2,2
398,3,1
398,4,2
398,5,1
398,6,2
398,7,1
398,8,2
398,9,3
398,10,2
398,11,1
398,12,0
398,13,1
398,14,0
398,15,1
398,16,2
398,17,3
398,18,2
398,19,1
398,20,0
399,0,0
399,1,1
399,2,2
399,3,1
399,4,2
399,5,1
399,6,2
399,7,3
399,8,2
399,9,3
399,10,2
399,11,1
399,12,0
399,13,1
399,14,0
399,15,1
399,16,2
399,17,3
399,18,2
399,19,1
399,20,0
400,0,0
400,1,1
400,2,2
400,3,1
400,4,2
400,5,1
400,6,2
400,7,3
400,8,2
400,9,3
400,10,4
400,11,3
400,12,2
400,13,3
400,14,2
400,15,3
400,16,2
400,17,3
400,18,2
400,19,1
400,20,0
401,0,0
401,1,1
401,2,2
401,3,1
401,4,2
401,5,1
401,6,2
401,7,3
401,8,2
401,9,3
401,10,4
401,11,5
401,12,4
401,13,5
401,14,4
401,15,3
401,16,2
401,17,3
401,18,2
401,19,1
401,20,0
402,0,0
402,1,1
402,2,2
402,3,1
402,4,2
402,5,1
402,6,2
402,7,3
402,8,2
402,9,3
402,10,4
402,11,5
402,12,4
402,13,5
402,14,4
402,15,3
402,16,2
402,17,3
402,18,2
402,19,1
402,20,0
403,0,0
403,1,1
403,2,2
403,3,1
403,4,2
403,5,3
403,6,4
403,7,5
403,8,4
403,9,5
403,10,6
403,11,7
403,12,6
403,13,5
403,14,4
403,15,3
403,16,2
403,17,3
403,18,2
403,19,1
403,20,0
404,0,0
404,1,1
404,2,2
404,3,1
404,4,0
404,5,1
404,6,2
404,7,3
404,8,2
404,9,3
404,10,4
404,11,5
404,12,4
404,13,3
404,14,4
404,15,3
404,16,2
404,17,3
404,18,2
404,19,1
404,20,0
405,0,0
405,1,1
405,2,2
405,3,1
405,4,0
405,5,1
405,6,2
405,7,3
405,8,2
405,9,3
405,10,4
405,11,5
405,12,4
405,13,3
405,14,4
405,15,3
405,16,2
405,17,3
405,18,2
405,19,1
405,20,0
406,0,0
406,1,1
406,2,2
406,3,1
406,4,0
406,5,1
406,6,2
406,7,3
406,8,2
406,9,3
406,10,4
406,11,5
406,12,4
406,13,3
406,14,4
406,15,3
406,16,2
406,17,3
406,18,2
406,19,1
406,20,0
407,0,0
407,1,1
407,2,2
407,3,1
407,4,0
407,5,1
407,6,2
407,7,3
407,8,4
407,9,3
407,10,4
407,11,5
407,12,4
407,13,3
407,14,4
407,15,3
407,16,2
407,17,3
407,18,2
407,19,1
407,20,0
408,0,0
408,1,1
408,2,2
408,3,1
408,4,2
408,5,3
408,6,2
408,7,3
408,8,4
408,9,3
408,10,4
408,11,5
408,12,4
408,13,3
408,14,4
408,15,3
408,16,2
408,17,3
408,18,2
408,19,1
408,20,0
409,0,0
409,1,1
409,2,2
409,3,1
409,4,0
409,5,1
409,6,0
409,7,1
409,8,2
409,9,1
409,10,2
409,11,3
409,12,2
409,13,1
409,14,2
409,15,1
409,16,0
409,17,1
409,18,0
409,19,1
409,20,0
410,0,0
410,1,1
410,2,2
410,3,1
410,4,0
410,5,1
410,6,0
410,7,1
410,8,2
410,9,1
410,10,2
410,11,3
410,12,2
410,13,1
410,14,2
410,15,1
410,16,0
410,17,1
410,18,0
410,19,1
410,20,0
411,0,0
411,1,1
411,2,0
411,3,1
411,4,2
411,5,1
411,6,2
411,7,1
411,8,2
411,9,3
411,10,4
411,11,3
411,12,4
411,13,3
411,14,2
411,15,1
411,16,2
411,17,1
411,18,0
411,19,1
411,20,0
412,0,0
412,1,1
412,2,0
412,3,1
412,4,2
412,5,3
412,6,2
412,7,1
412,8,2
412,9,3
412,10,4
412,11,3
412,12,4
412,13,3
412,14,2
412,15,1
412,16,2
412,17,1
412,18,0
412,19,1
412,20,0
413,0,0
413,1,1
413,2,0
413,3,1
413,4,2
413,5,3
413,6,2
413,7,1
413,8,2
413,9,3
413,10,4
413,11,3
413,12,4
413,13,3
413,14,2
413,15,3
413,16,4
413,17,3
413,18,2
413,19,1
413,20,0
414,0,0
414,1,1
414,2,0
414,3,1
414,4,2
414,5,3
414,6,4
414,7,3
414,8,4
414,9,5
414,10,6
414,11,5
414,12,6
414,13,5
414,14,4
414,15,5
414,16,4
414,17,3
414,18,2
414,19,1
414,20,0
415,0,0
415,1,1
415,2,0
415,3,1
415,4,2
415,5,3
415,6,4
415,7,5
415,8,6
415,9,7
415,10,8
415,11,7
415,12,8
415,13,7
415,14,6
415,15,5
415,16,4
415,17,3
415,18,2
415,19,1
415,20,0
416,0,0
416,1,1
416,2,0
416,3,1
416,4,2
416,5,3
416,6,4
416,7,5
416,8,6
416,9,7
416,10,8
416,11,7
416,12,8
416,13,7
416,14,6
416,15,5
416,16,4
416,17,3
416,18,2
416,19,1
416,20,0
417,0,0
417,1,1
417,2,2
417,3,3
417,4,4
417,5,3
417,6,2
417,7,1
417,8,2
417,9,3
417,10,4
417,11,3
417,12,2
417,13,3
417,14,2
417,15,1
417,16,0
417,17,1
417,18,0
417,19,1
417,20,0
418,0,0
418,1,1
418,2,2
418,3,3
418,4,4
418,5,3
418,6,2
418,7,1
418,8,2
418,9,3
418,10,4
418,11,3
418,12,2
418,13,3
418,14,2
418,15,3
418,16,2
418,17,3
418,18,2
418,19,1
418,20,0
419,0,0
419,1,1
419,2,2
419,3,3
419,4,4
419,5,3
419,6,2
419,7,1
419,8,2
419,9,3
419,10,4
419,11,3
419,12,2
419,13,3
419,14,2
419,15,3
419,16,2
419,17,3
419,18,2
419,19,1
419,20,0
420,0,0
420,1,1
420,2,2
420,3,3
420,4,4
420,5,3
420,6,2
420,7,1
420,8,2
420,9,1
420,10,0
420,11,1
420,12,0
420,13,1
420,14,0
420,15,1
420,16,0
420,17,1
420,18,0
420,19,1
420,20,0
421,0,0
421,1,1
421,2,2
421,3,3
421,4,4
421,5,3
421,6,2
421,7,1
421,8,2
421,9,1
421,10,0
421,11,1
421,12,0
421,13,1
421,14,0
421,15,1
421,16,0
421,17,1
421,18,0
421,19,1
421,20,0
422,0,0
422,1,1
422,2,2
422,3,3
422,4,4
422,5,3
422,6,2
422,7,1
422,8,2
422,9,1
422,10,0
422,11,1
422,12,0
422,13,1
422,14,0
422,15,1
422,16,0
422,17,1
422,18,0
422,19,1
422,20,0
423,0,0
423,1,1
423,2,2
423,3,3
423,4,4
423,5,3
423,6,2
423,7,1
423,8,2
423,9,1
423,10,0
423,11,1
423,12,0
423,13,1
423,14,0
423,15,1
423,16,0
423,17,1
423,18,0
423,19,1
423,20,0
424,0,0
424,1,1
424,2,2
424,3,3
424,4,4
424,5,3
424,6,2
424,7,1
424,8,2
424,9,1
424,10,0
424,11,1
424,12,0
424,13,1
424,14,0
424,15,1
424,16,0
424,17,1
424,18,0
424,19,1
424,20,0
425,0,0
425,1,1
425,2,2
425,3,3
425,4,4
425,5,3
425,6,2
425,7,1
425,8,2
425,9,1
425,10,0
425,11,1
425,12,0
425,13,1
425,14,0
425,15,1
425,16,0
425,17,1
425,18,0
425,19,1
425,20,0
426,0,0
426,1,1
426,2,2
426,3,3
426,4,4
426,5,3
426,6,2
426,7,1
426,8,2
426,9,1
426,10,0
426,11,1
426,12,0
426,13,1
426,14,0
426,15,1
426,16,0
426,17,1
426,18,0
426,19,1
426,20,0
427,0,0
427,1,1
427,2,2
427,3,3
427,4,4
427,5,3
427,6,2
427,7,1
427,8,2
427,9,1
427,10,0
427,11,1
427,12,0
427,13,1
427,14,0
427,15,1
427,16,2
427,17,1
427,18,0
427,19,1
427,20,0
428,0,0
428,1,1
428,2,2
428,3,3
428,4,4
428,5,3
428,6,2
428,7,1
428,8,2
428,9,1
428,10,0
428,11,1
428,12,2
428,13,1
428,14,0
428,15,1
428,16,2
428,17,1
428,18,0
428,19,1
428,20,0
429,0,0
429,1,1
429,2,2
429,3,3
429,4,4
429,5,3
429,6,2
429,7,1
429,8,2
429,9,1
429,10,0
429,11,1
429,12,2
429,13,1
429,14,0
429,15,1
429,16,2
429,17,1
429,18,0
429,19,1
429,20,0
430,0,0
430,1,1
430,2,2
430,3,3
430,4,4
430,5,3
430,6,2
430,7,1
430,8,2
430,9,1
430,10,2
430,11,3
430,12,2
430,13,1
430,14,0
430,15,1
430,16,0
430,17,1
430,18,0
430,19,1
430,20,0
431,0,0
431,1,1
431,2,0
431,3,1
431,4,2
431,5,1
431,6,0
431,7,1
431,8,2
431,9,1
431,10,2
431,11,3
431,12,2
431,13,1
431,14,0
431,15,1
431,16,2
431,17,1
431,18,0
431,19,1
431,20,0
432,0,0
432,1,1
432,2,0
432,3,1
432,4,2
432,5,1
432,6,0
432,7,1
432,8,2
432,9,1
432,10,2
432,11,3
432,12,2
432,13,1
432,14,0
432,15,1
432,16,2
432,17,1
432,18,0
432,19,1
432,20,0
433,0,0
433,1,1
433,2,0
433,3,1
433,4,2
433,5,1
433,6,0
433,7,1
433,8,2
433,9,1
433,10,2
433,11,3
433,12,2
433,13,1
433,14,0
433,15,1
433,16,2
433,17,1
433,18,0
433,19,1
433,20,0
434,0,0
434,1,1
434,2,2
434,3,3
434,4,4
434,5,5
434,6,4
434,7,5
434,8,4
434,9,3
434,10,2
434,11,1
434,12,0
434,13,1
434,14,2
434,15,3
434,16,2
434,17,1
434,18,0
434,19,1
434,20,0
435,0,0
435,1,1
435,2,2
435,3,3
435,4,4
435,5,5
435,6,4
435,7,5
435,8,4
435,9,3
435,10,2
435,11,1
435,12,0
435,13,1
435,14,2
435,15,3
435,16,2
435,17,1
435,18,0
435,19,1
435,20,0
436,0,0
436,1,1
436,2,0
436,3,1
436,4,2
436,5,3
436,6,2
436,7,3
436,8,4
436,9,3
436,10,2
436,11,1
436,12,0
436,13,1
436,14,2
436,15,3
436,16,2
436,17,1
436,18,0
436,19,1
436,20,0
437,0,0
437,1,1
437,2,0
437,3,1
437,4,2
437,5,3
437,6,2
437,7,3
437,8,4
437,9,3
437,10,2
437,11,1
437,12,0
437,13,1
437,14,2
437,15,3
437,16,2
437,17,1
437,18,0
437,19,1
437,20,0
438,0,0
438,1,1
438,2,0
438,3,1
438,4,0
438,5,1
438,6,0
438,7,1
438,8,2
438,9,1
438,10,0
438,11,1
438,12,0
438,13,1
438,14,2
438,15,3
438,16,2
438,17,1
438,18,0
438,19,1
438,20,0
439,0,0
439,1,1
439,2,2
439,3,3
439,4,2
439,5,1
439,6,2
439,7,3
439,8,4
439,9,3
439,10,2
439,11,3
439,12,2
439,13,3
439,14,4
439,15,3
439,16,2
439,17,3
439,18,2
439,19,1
439,20,0
440,0,0
440,1,1
440,2,2
440,3,3
440,4,2
440,5,1
440,6,2
440,7,3
440,8,4
440,9,3
440,10,2
440,11,3
440,12,2
440,13,3
440,14,4
440,15,3
440,16,2
440,17,3
440,18,2
440,19,1
440,20,0
441,0,0
441,1,1
441,2,2
441,3,3
441,4,2
441,5,1
441,6,2
441,7,3
441,8,4
441,9,3
441,10,2
441,11,1
441,12,0
441,13,1
441,14,2
441,15,1
441,16,0
441,17,1
441,18,2
441,19,1
441,20,0
442,0,0
442,1,1
442,2,2
442,3,3
442,4,2
442,5,1
442,6,2
442,7,3
442,8,4
442,9,3
442,10,2
442,11,3
442,12,2
442,13,1
442,14,2
442,15,1
442,16,0
442,17,1
442,18,2
442,19,1
442,20,0
443,0,0
443,1,1
443,2,0
443,3,1
443,4,0
443,5,1
443,6,2
443,7,1
443,8,2
443,9,1
443,10,0
443,11,1
443,12,0
443,13,1
443,14,2
443,15,1
443,16,0
443,17,1
443,18,2
443,19,1
443,20,0
444,0,0
444,1,1
444,2,0
444,3,1
444,4,0
444,5,1
444,6,2
444,7,3
444,8,4
444,9,5
444,10,4
444,11,5
444,12,4
444,13,5
444,14,4
444,15,5
444,16,4
444,17,3
444,18,2
444,19,1
444,20,0
445,0,0
445,1,1
445,2,0
445,3,1
445,4,0
445,5,1
445,6,2
445,7,3
445,8,4
445,9,5
445,10,4
445,11,5
445,12,4
445,13,5
445,14,4
445,15,5
445,16,4
445,17,3
445,18,2
445,19,1
445,20,0
446,0,0
446,1,1
446,2,2
446,3,1
446,4,0
446,5,1
446,6,2
446,7,3
446,8,4
446,9,5
446,10,4
446,11,5
446,12,4
446,13,5
446,14,4
446,15,5
446,16,4
446,17,3
446,18,2
446,19,1
446,20,0
447,0,0
447,1,1
447,2,2
447,3,1
447,4,0
447,5,1
447,6,2
447,7,1
447,8,2
447,9,3
447,10,2
447,11,3
447,12,2
447,13,3
447,14,4
447,15,5
447,16,4
447,17,3
447,18,2
447,19,1
447,20,0
448,0,0
448,1,1
448,2,2
448,3,1
448,4,0
448,5,1
448,6,2
448,7,1
448,8,2
448,9,3
448,10,2
448,11,3
448,12,2
448,13,3
448,14,4
448,15,5
448,16,4
448,17,3
448,18,2
448,19,1
448,20,0
449,0,0
449,1,1
449,2,2
449,3,1
449,4,0
449,5,1
449,6,2
449,7,1
449,8,2
449,9,3
449,10,2
449,11,3
449,12,2
449,13,3
449,14,4
449,15,5
449,16,4
449,17,3
449,18,2
449,19,1
449,20,0
450,0,0
450,1,1
450,2,2
450,3,1
450,4,0
450,5,1
450,6,2
450,7,1
450,8,2
450,9,3
450,10,2
450,11,1
450,12,0
450,13,1
450,14,2
450,15,3
450,16,4
450,17,3
450,18,2
450,19,1
450,20,0
451,0,0
451,1,1
451,2,2
451,3,1
451,4,0
451,5,1
451,6,2
451,7,1
451,8,2
451,9,3
451,10,2
451,11,1
451,12,0
451,13,1
451,14,2
451,15,3
451,16,4
451,17,3
451,18,2
451,19,1
451,20,0
452,0,0
452,1,1
452,2,2
452,3,1
452,4,2
452,5,3
452,6,2
452,7,3
452,8,2
452,9,1
452,10,2
452,11,1
452,12,0
452,13,1
452,14,2
452,15,3
452,16,2
452,17,3
452,18,2
452,19,1
452,20,0
453,0,0
453,1,1
453,2,2
453,3,1
453,4,2
453,5,3
453,6,2
453,7,3
453,8,2
453,9,1
453,10,2
453,11,1
453,12,0
453,13,1
453,14,2
453,15,3
453,16,2
453,17,3
453,18,2
453,19,1
453,20,0
454,0,0
454,1,1
454,2,2
454,3,3
454,4,2
454,5,1
454,6,0
454,7,1
454,8,0
454,9,1
454,10,2
454,11,3
454,12,4
454,13,3
454,14,2
454,15,3
454,16,2
454,17,3
454,18,2
454,19,1
454,20,0
455,0,0
455,1,1
455,2,2
455,3,3
455,4,2
455,5,1
455,6,0
455,7,1
455,8,0
455,9,1
455,10,2
455,11,3
455,12,4
455,13,3
455,14,2
455,15,3
455,16,2
455,17,3
455,18,2
455,19,1
455,20,0
456,0,0
456,1,1
456,2,2
456,3,3
456,4,2
456,5,1
456,6,0
456,7,1
456,8,0
456,9,1
456,10,2
456,11,3
456,12,4
456,13,3
456,14,2
456,15,3
456,16,2
456,17,3
456,18,2
456,19,1
456,20,0
457,0,0
457,1,1
457,2,0
457,3,1
457,4,2
457,5,1
457,6,2
457,7,3
457,8,4
457,9,3
457,10,2
457,11,1
457,12,2
457,13,1
457,14,2
457,15,1
457,16,2
457,17,1
457,18,0
457,19,1
457,20,0
458,0,0
458,1,1
458,2,0
458,3,1
458,4,2
458,5,1
458,6,2
458,7,3
458,8,4
458,9,3
458,10,2
458,11,1
458,12,2
458,13,1
458,14,2
458,15,1
458,16,2
458,17,1
458,18,0
458,19,1
458,20,0
459,0,0
459,1,1
459,2,2
459,3,3
459,4,4
459,5,3
459,6,4
459,7,3
459,8,4
459,9,3
459,10,2
459,11,1
459,12,2
459,13,1
459,14,2
459,15,1
459,16,2
459,17,1
459,18,0
459,19,1
459,20,0
460,0,0
460,1,1
460,2,2
460,3,3
460,4,4
460,5,3
460,6,4
460,7,3
460,8,4
460,9,3
460,10,2
460,11,1
460,12,2
460,13,1
460,14,2
460,15,1
460,16,2
460,17,1
460,18,0
460,19,1
460,20,0
461,0,0
461,1,1
461,2,2
461,3,1
461,4,2
461,5,1
461,6,2
461,7,1
461,8,2
461,9,1
461,10,2
461,11,3
461,12,2
461,13,1
461,14,0
461,15,1
461,16,2
461,17,1
461,18,0
461,19,1
461,20,0
462,0,0
462,1,1
462,2,2
462,3,1
462,4,2
462,5,1
462,6,2
462,7,1
462,8,0
462,9,1
462,10,2
462,11,3
462,12,2
462,13,1
462,14,0
462,15,1
462,16,2
462,17,1
462,18,0
462,19,1
462,20,0
463,0,0
463,1,1
463,2,2
463,3,1
463,4,2
463,5,3
463,6,4
463,7,3
463,8,4
463,9,5
463,10,4
463,11,5
463,12,4
463,13,3
463,14,2
463,15,1
463,16,2
463,17,1
463,18,0
463,19,1
463,20,0
464,0,0
464,1,1
464,2,2
464,3,1
464,4,2
464,5,3
464,6,4
464,7,3
464,8,4
464,9,5
464,10,4
464,11,5
464,12,4
464,13,3
464,14,2
464,15,1
464,16,2
464,17,1
464,18,0
464,19,1
464,20,0
465,0,0
465,1,1
465,2,0
465,3,1
465,4,2
465,5,3
465,6,4
465,7,3
465,8,4
465,9,5
465,10,4
465,11,5
465,12,4
465,13,3
465,14,2
465,15,1
465,16,2
465,17,1
465,18,0
465,19,1
465,20,0
466,0,0
466,1,1
466,2,0
466,3,1
466,4,2
466,5,3
466,6,4
466,7,3
466,8,4
466,9,3
466,10,2
466,11,3
466,12,4
466,13,3
466,14,2
466,15,1
466,16,2
466,17,1
466,18,0
466,19,1
466,20,0
467,0,0
467,1,1
467,2,0
467,3,1
467,4,2
467,5,3
467,6,4
467,7,3
467,8,2
467,9,1
467,10,0
467,11,1
467,12,2
467,13,1
467,14,2
467,15,1
467,16,2
467,17,1
467,18,0
467,19,1
467,20,0
468,0,0
468,1,1
468,2,0
468,3,1
468,4,2
468,5,3
468,6,4
468,7,3
468,8,2
468,9,1
468,10,0
468,11,1
468,12,2
468,13,1
468,14,2
468,15,1
468,16,2
468,17,1
468,18,0
468,19,1
468,20,0
469,0,0
469,1,1
469,2,2
469,3,3
469,4,4
469,5,5
469,6,6
469,7,7
469,8,6
469,9,5
469,10,4
469,11,5
469,12,4
469,13,3
469,14,2
469,15,1
469,16,2
469,17,3
469,18,2
469,19,1
469,20,0
470,0,0
470,1,1
470,2,2
470,3,3
470,4,4
470,5,5
470,6,6
470,7,7
470,8,6
470,9,5
470,10,4
470,11,5
470,12,4
470,13,3
470,14,2
470,15,1
470,16,2
470,17,3
470,18,2
470,19,1
470,20,0
471,0,0
471,1,1
471,2,2
471,3,1
471,4,2
471,5,3
471,6,4
471,7,5
471,8,6
471,9,5
471,10,4
471,11,5
471,12,4
471,13,3
471,14,2
471,15,1
471,16,2
471,17,3
471,18,2
471,19,1
471,20,0
472,0,0
472,1,1
472,2,0
472,3,1
472,4,2
472,5,1
472,6,2
472,7,3
472,8,2
472,9,1
472,10,2
472,11,1
472,12,0
472,13,1
472,14,0
472,15,1
472,16,2
472,17,1
472,18,2
472,19,1
472,20,0
473,0,0
473,1,1
473,2,0
473,3,1
473,4,2
473,5,1
473,6,2
473,7,3
473,8,2
473,9,1
473,10,2
473,11,1
473,12,0
473,13,1
473,14,0
473,15,1
473,16,2
473,17,1
473,18,2
473,19,1
473,20,0
474,0,0
474,1,1
474,2,0
474,3,1
474,4,2
474,5,1
474,6,2
474,7,3
474,8,2
474,9,1
474,10,2
474,11,1
474,12,0
474,13,1
474,14,0
474,15,1
474,16,2
474,17,1
474,18,2
474,19,1
474,20,0
475,0,0
475,1,1
475,2,2
475,3,3
475,4,4
475,5,5
475,6,4
475,7,5
475,8,4
475,9,3
475,10,4
475,11,3
475,12,2
475,13,3
475,14,2
475,15,1
475,16,2
475,17,1
475,18,0
475,19,1
475,20,0
476,0,0
476,1,1
476,2,2
476,3,3
476,4,4
476,5,5
476,6,4
476,7,5
476,8,4
476,9,3
476,10,4
476,11,3
476,12,2
476,13,3
476,14,2
476,15,1
476,16,2
476,17,1
476,18,0
476,19,1
476,20,0
477,0,0
477,1,1
477,2,2
477,3,3
477,4,4
477,5,5
477,6,4
477,7,5
477,8,4
477,9,3
477,10,4
477,11,3
477,12,2
477,13,3
477,14,2
477,15,1
477,16,2
477,17,1
477,18,0
477,19,1
477,20,0
478,0,0
478,1,1
478,2,2
478,3,3
478,4,4
478,5,5
478,6,4
478,7,5
478,8,4
478,9,3
478,10,4
478,11,3
478,12,2
478,13,3
478,14,2
478,15,3
478,16,2
478,17,1
478,18,0
478,19,1
478,20,0
479,0,0
479,1,1
479,2,2
479,3,3
479,4,4
479,5,5
479,6,4
479,7,5
479,8,4
479,9,3
479,10,4
479,11,3
479,12,2
479,13,3
479,14,2
479,15,3
479,16,2
479,17,1
479,18,0
479,19,1
479,20,0
480,0,0
480,1,1
480,2,2
480,3,3
480,4,4
480,5,5
480,6,4
480,7,5
480,8,4
480,9,3
480,10,4
480,11,3
480,12,2
480,13,3
480,14,2
480,15,3
480,16,2
480,17,1
480,18,0
480,19,1
480,20,0
481,0,0
481,1,1
481,2,2
481,3,3
481,4,4
481,5,5
481,6,4
481,7,5
481,8,4
481,9,3
481,10,4
481,11,3
481,12,2
481,13,3
481,14,2
481,15,3
481,16,2
481,17,1
481,18,0
481,19,1
481,20,0
482,0,0
482,1,1
482,2,2
482,3,3
482,4,4
482,5,3
482,6,2
482,7,1
482,8,0
482,9,1
482,10,2
482,11,1
482,12,0
482,13,1
482,14,2
482,15,1
482,16,2
482,17,3
482,18,2
482,19,1
482,20,0
483,0,0
483,1,1
483,2,2
483,3,1
483,4,0
483,5,1
483,6,0
483,7,1
483,8,2
483,9,1
483,10,0
483,11,1
483,12,2
483,13,1
483,14,2
483,15,1
483,16,2
483,17,1
483,18,2
483,19,1
483,20,0
484,0,0
484,1,1
484,2,2
484,3,1
484,4,0
484,5,1
484,6,2
484,7,1
484,8,0
484,9,1
484,10,2
484,11,3
484,12,2
484,13,1
484,14,2
484,15,3
484,16,4
484,17,3
484,18,2
484,19,1
484,20,0
485,0,0
485,1,1
485,2,2
485,3,1
485,4,0
485,5,1
485,6,2
485,7,1
485,8,0
485,9,1
485,10,2
485,11,3
485,12,2
485,13,1
485,14,2
485,15,3
485,16,4
485,17,3
485,18,2
485,19,1
485,20,0
486,0,0
486,1,1
486,2,2
486,3,1
486,4,0
486,5,1
486,6,2
486,7,1
486,8,0
486,9,1
486,10,2
486,11,3
486,12,2
486,13,1
486,14,2
486,15,3
486,16,4
486,17,3
486,18,2
486,19,1
486,20,0
487,0,0
487,1,1
487,2,2
487,3,1
487,4,0
487,5,1
487,6,2
487,7,3
487,8,2
487,9,3
487,10,4
487,11,5
487,12,4
487,13,3
487,14,2
487,15,3
487,16,4
487,17,3
487,18,2
487,19,1
487,20,0
488,0,0
488,1,1
488,2,2
488,3,1
488,4,0
488,5,1
488,6,2
488,7,3
488,8,2
488,9,3
488,10,4
488,11,5
488,12,4
488,13,3
488,14,2
488,15,3
488,16,4
488,17,3
488,18,2
488,19,1
488,20,0
489,0,0
489,1,1
489,2,2
489,3,1
489,4,0
489,5,1
489,6,2
489,7,3
489,8,2
489,9,3
489,10,4
489,11,3
489,12,2
489,13,1
489,14,0
489,15,1
489,16,2
489,17,1
489,18,2
489,19,1
489,20,0
490,0,0
490,1,1
490,2,2
490,3,1
490,4,0
490,5,1
490,6,2
490,7,3
490,8,2
490,9,3
490,10,4
490,11,3
490,12,2
490,13,1
490,14,0
490,15,1
490,16,2
490,17,1
490,18,2
490,19,1
490,20,0
491,0,0
491,1,1
491,2,2
491,3,1
491,4,0
491,5,1
491,6,2
491,7,1
491,8,2
491,9,3
491,10,4
491,11,3
491,12,2
491,13,1
491,14,0
491,15,1
491,16,2
491,17,1
491,18,2
491,19,1
491,20,0
492,0,0
492,1,1
492,2,2
492,3,1
492,4,0
492,5,1
492,6,2
492,7,1
492,8,2
492,9,3
492,10,4
492,11,3
492,12,2
492,13,1
492,14,0
492,15,1
492,16,2
492,17,1
492,18,2
492,19,1
492,20,0
493,0,0
493,1,1
493,2,2
493,3,1
493,4,0
493,5,1
493,6,2
493,7,1
493,8,2
493,9,3
493,10,4
493,11,3
493,12,2
493,13,1
493,14,0
493,15,1
493,16,2
493,17,1
493,18,2
493,19,1
493,20,0
494,0,0
494,1,1
494,2,2
494,3,1
494,4,0
494,5,1
494,6,2
494,7,3
494,8,2
494,9,3
494,10,4
494,11,3
494,12,2
494,13,1
494,14,0
494,15,1
494,16,2
494,17,1
494,18,2
494,19,1
494,20,0
495,0,0
495,1,1
495,2,2
495,3,1
495,4,0
495,5,1
495,6,2
495,7,3
495,8,2
495,9,3
495,10,4
495,11,5
495,12,4
495,13,3
495,14,2
495,15,3
495,16,4
495,17,3
495,18,2
495,19,1
495,20,0
496,0,0
496,1,1
496,2,2
496,3,1
496,4,0
496,5,1
496,6,2
496,7,3
496,8,2
496,9,3
496,10,4
496,11,5
496,12,4
496,13,3
496,14,2
496,15,3
496,16,4
496,17,3
496,18,2
496,19,1
496,20,0
497,0,0
497,1,1
497,2,2
497,3,1
497,4,0
497,5,1
497,6,2
497,7,3
497,8,2
497,9,3
497,10,4
497,11,5
497,12,4
497,13,3
497,14,2
497,15,1
497,16,2
497,17,1
497,18,2
497,19,1
497,20,0
498,0,0
498,1,1
498,2,2
498,3,1
498,4,0
498,5,1
498,6,2
498,7,3
498,8,2
498,9,3
498,10,4
498,11,5
498,12,4
498,13,3
498,14,2
498,15,1
498,16,2
498,17,1
498,18,2
498,19,1
498,20,0
499,0,0
499,1,1
499,2,2
499,3,1
499,4,0
499,5,1
499,6,2
499,7,3
499,8,2
499,9,3
499,10,4
499,11,3
499,12,2
499,13,3
499,14,2
499,15,1
499,16,2
499,17,1
499,18,2
499,19,1
499,20,0
500,0,0
500,1,1
500,2,2
500,3,1
500,4,0
500,5,1
500,6,2
500,7,3
500,8,2
500,9,3
500,10,4
500,11,3
500,12,2
500,13,3
500,14,2
500,15,1
500,16,2
500,17,1
500,18,2
500,19,1
500,20,0
